Key,Score,First Word,antibiotic,gene
amikacin_K00663,3,Strong,amikacin,K00663
amikacin_K03297,2,Moderate,amikacin,K03297
amikacin_K03395,3,Strong,amikacin,K03395
amikacin_K03543,3,Strong,amikacin,K03543
amikacin_K03585,3,Strong,amikacin,K03585
amikacin_K03712,2,Moderate,amikacin,K03712
amikacin_K03760,2,Moderate,amikacin,K03760
amikacin_K06979,2,Moderate,amikacin,K06979
amikacin_K07264,1,Weak,amikacin,K07264
amikacin_K07799,3,Strong,amikacin,K07799
amikacin_K08161,2,Moderate,amikacin,K08161
amikacin_K08167,3,Strong,amikacin,K08167
amikacin_K08170,1,Weak,amikacin,K08170
amikacin_K09475,2,Moderate,amikacin,K09475
amikacin_K10673,2,Moderate,amikacin,K10673
amikacin_K12340,2,Moderate,amikacin,K12340
amikacin_K15547,3,Strong,amikacin,K15547
amikacin_K17881,3,Strong,amikacin,K17881
amikacin_K18072,2,Moderate,amikacin,K18072
amikacin_K18073,2,Moderate,amikacin,K18073
amikacin_K18093,2,Moderate,amikacin,K18093
amikacin_K18095,3,Strong,amikacin,K18095
amikacin_K18129,3,Strong,amikacin,K18129
amikacin_K18138,3,Strong,amikacin,K18138
amikacin_K18139,3,Strong,amikacin,K18139
amikacin_K18140,2,Moderate,amikacin,K18140
amikacin_K18144,1,Weak,amikacin,K18144
amikacin_K18145,2,Moderate,amikacin,K18145
amikacin_K18294,3,Strong,amikacin,K18294
amikacin_K18295,3,Strong,amikacin,K18295
amikacin_K18298,2,Moderate,amikacin,K18298
amikacin_K18300,2,Moderate,amikacin,K18300
amikacin_K18302,3,Strong,amikacin,K18302
amikacin_K18476,2,Moderate,amikacin,K18476
amikacin_K18768,2,Moderate,amikacin,K18768
amikacin_K18815,3,Strong,amikacin,K18815
amikacin_K18816,3,Strong,amikacin,K18816
amikacin_K18845,3,Strong,amikacin,K18845
amikacin_K18901,2,Moderate,amikacin,K18901
amikacin_K18902,2,Moderate,amikacin,K18902
amikacin_K18908,1,Weak,amikacin,K18908
amikacin_K18975,2,Moderate,amikacin,K18975
amikacin_K19272,3,Strong,amikacin,K19272
amikacin_K19273,-1,Evidence,amikacin,K19273
amikacin_K19274,3,Strong,amikacin,K19274
amikacin_K19275,2,Moderate,amikacin,K19275
amikacin_K19276,3,Strong,amikacin,K19276
amikacin_K19277,3,Strong,amikacin,K19277
amikacin_K19278,3,Strong,amikacin,K19278
amikacin_K19299,3,Strong,amikacin,K19299
amikacin_K19300,3,Strong,amikacin,K19300
amikacin_K19301,3,Strong,amikacin,K19301
amikacin_K19315,3,Strong,amikacin,K19315
amikacin_K19593,3,Strong,amikacin,K19593
amikacin_K19644,3,Strong,amikacin,K19644
amikacin_K19645,3,Strong,amikacin,K19645
amikacin_K19883,3,Strong,amikacin,K19883
amikacin_K20320,-1,Evidence,amikacin,K20320
amikacin_K21134,2,Moderate,amikacin,K21134
amikacin_K21135,2,Moderate,amikacin,K21135
amikacin_K21136,3,Strong,amikacin,K21136
amoxicillin_K00687,3,Strong,amoxicillin,K00687
amoxicillin_K00790,1,Weak,amoxicillin,K00790
amoxicillin_K00796,2,Moderate,amoxicillin,K00796
amoxicillin_K01467,3,Strong,amoxicillin,K01467
amoxicillin_K02547,3,Strong,amoxicillin,K02547
amoxicillin_K02621,2,Moderate,amoxicillin,K02621
amoxicillin_K03297,3,Strong,amoxicillin,K03297
amoxicillin_K03327,2,Moderate,amoxicillin,K03327
amoxicillin_K03446,3,Strong,amoxicillin,K03446
amoxicillin_K03543,2,Moderate,amoxicillin,K03543
amoxicillin_K03577,2,Moderate,amoxicillin,K03577
amoxicillin_K03585,2,Moderate,amoxicillin,K03585
amoxicillin_K03587,3,Strong,amoxicillin,K03587
amoxicillin_K03712,2,Moderate,amoxicillin,K03712
amoxicillin_K05804,2,Moderate,amoxicillin,K05804
amoxicillin_K07664,2,Moderate,amoxicillin,K07664
amoxicillin_K07788,2,Moderate,amoxicillin,K07788
amoxicillin_K07789,3,Strong,amoxicillin,K07789
amoxicillin_K07799,2,Moderate,amoxicillin,K07799
amoxicillin_K08161,3,Strong,amoxicillin,K08161
amoxicillin_K08162,2,Moderate,amoxicillin,K08162
amoxicillin_K08167,2,Moderate,amoxicillin,K08167
amoxicillin_K08168,3,Strong,amoxicillin,K08168
amoxicillin_K08170,2,Moderate,amoxicillin,K08170
amoxicillin_K09475,3,Strong,amoxicillin,K09475
amoxicillin_K09476,3,Strong,amoxicillin,K09476
amoxicillin_K10673,3,Strong,amoxicillin,K10673
amoxicillin_K12340,3,Strong,amoxicillin,K12340
amoxicillin_K12556,3,Strong,amoxicillin,K12556
amoxicillin_K13631,2,Moderate,amoxicillin,K13631
amoxicillin_K13632,3,Strong,amoxicillin,K13632
amoxicillin_K15550,2,Moderate,amoxicillin,K15550
amoxicillin_K15974,2,Moderate,amoxicillin,K15974
amoxicillin_K17836,3,Strong,amoxicillin,K17836
amoxicillin_K18073,2,Moderate,amoxicillin,K18073
amoxicillin_K18095,3,Strong,amoxicillin,K18095
amoxicillin_K18129,3,Strong,amoxicillin,K18129
amoxicillin_K18130,3,Strong,amoxicillin,K18130
amoxicillin_K18131,-1,Evidence,amoxicillin,K18131
amoxicillin_K18135,3,Strong,amoxicillin,K18135
amoxicillin_K18138,3,Strong,amoxicillin,K18138
amoxicillin_K18139,3,Strong,amoxicillin,K18139
amoxicillin_K18141,2,Moderate,amoxicillin,K18141
amoxicillin_K18144,3,Strong,amoxicillin,K18144
amoxicillin_K18145,3,Strong,amoxicillin,K18145
amoxicillin_K18147,2,Moderate,amoxicillin,K18147
amoxicillin_K18231,-1,Evidence,amoxicillin,K18231
amoxicillin_K18295,3,Strong,amoxicillin,K18295
amoxicillin_K18297,2,Moderate,amoxicillin,K18297
amoxicillin_K18298,2,Moderate,amoxicillin,K18298
amoxicillin_K18299,2,Moderate,amoxicillin,K18299
amoxicillin_K18300,2,Moderate,amoxicillin,K18300
amoxicillin_K18301,2,Moderate,amoxicillin,K18301
amoxicillin_K18302,3,Strong,amoxicillin,K18302
amoxicillin_K18303,3,Strong,amoxicillin,K18303
amoxicillin_K18305,2,Moderate,amoxicillin,K18305
amoxicillin_K18306,2,Moderate,amoxicillin,K18306
amoxicillin_K18307,3,Strong,amoxicillin,K18307
amoxicillin_K18590,3,Strong,amoxicillin,K18590
amoxicillin_K18698,3,Strong,amoxicillin,K18698
amoxicillin_K18699,3,Strong,amoxicillin,K18699
amoxicillin_K18766,3,Strong,amoxicillin,K18766
amoxicillin_K18767,3,Strong,amoxicillin,K18767
amoxicillin_K18768,3,Strong,amoxicillin,K18768
amoxicillin_K18780,3,Strong,amoxicillin,K18780
amoxicillin_K18781,3,Strong,amoxicillin,K18781
amoxicillin_K18790,3,Strong,amoxicillin,K18790
amoxicillin_K18791,3,Strong,amoxicillin,K18791
amoxicillin_K18792,3,Strong,amoxicillin,K18792
amoxicillin_K18793,3,Strong,amoxicillin,K18793
amoxicillin_K18794,3,Strong,amoxicillin,K18794
amoxicillin_K18795,3,Strong,amoxicillin,K18795
amoxicillin_K18796,3,Strong,amoxicillin,K18796
amoxicillin_K18797,3,Strong,amoxicillin,K18797
amoxicillin_K18845,3,Strong,amoxicillin,K18845
amoxicillin_K18891,3,Strong,amoxicillin,K18891
amoxicillin_K18892,3,Strong,amoxicillin,K18892
amoxicillin_K18898,2,Moderate,amoxicillin,K18898
amoxicillin_K18899,2,Moderate,amoxicillin,K18899
amoxicillin_K18901,2,Moderate,amoxicillin,K18901
amoxicillin_K18902,2,Moderate,amoxicillin,K18902
amoxicillin_K18903,2,Moderate,amoxicillin,K18903
amoxicillin_K18906,2,Moderate,amoxicillin,K18906
amoxicillin_K18908,2,Moderate,amoxicillin,K18908
amoxicillin_K18909,2,Moderate,amoxicillin,K18909
amoxicillin_K18935,2,Moderate,amoxicillin,K18935
amoxicillin_K18970,3,Strong,amoxicillin,K18970
amoxicillin_K18971,3,Strong,amoxicillin,K18971
amoxicillin_K18972,3,Strong,amoxicillin,K18972
amoxicillin_K18973,3,Strong,amoxicillin,K18973
amoxicillin_K18976,3,Strong,amoxicillin,K18976
amoxicillin_K19096,3,Strong,amoxicillin,K19096
amoxicillin_K19097,3,Strong,amoxicillin,K19097
amoxicillin_K19100,3,Strong,amoxicillin,K19100
amoxicillin_K19101,3,Strong,amoxicillin,K19101
amoxicillin_K19215,3,Strong,amoxicillin,K19215
amoxicillin_K19218,3,Strong,amoxicillin,K19218
amoxicillin_K19274,3,Strong,amoxicillin,K19274
amoxicillin_K19299,-1,Evidence,amoxicillin,K19299
amoxicillin_K19318,3,Strong,amoxicillin,K19318
amoxicillin_K19319,3,Strong,amoxicillin,K19319
amoxicillin_K19586,2,Moderate,amoxicillin,K19586
amoxicillin_K19593,3,Strong,amoxicillin,K19593
amoxicillin_K20319,3,Strong,amoxicillin,K20319
amoxicillin_K20320,3,Strong,amoxicillin,K20320
amoxicillin_K21134,2,Moderate,amoxicillin,K21134
amoxicillin_K21135,3,Strong,amoxicillin,K21135
amoxicillin_K21136,3,Strong,amoxicillin,K21136
amoxicillin_K21137,2,Moderate,amoxicillin,K21137
amoxicillin_K21264,2,Moderate,amoxicillin,K21264
amoxicillin-clavulanic acid_K00687,3,Strong,amoxicillin-clavulanic acid,K00687
amoxicillin-clavulanic acid_K01467,3,Strong,amoxicillin-clavulanic acid,K01467
amoxicillin-clavulanic acid_K03297,3,Strong,amoxicillin-clavulanic acid,K03297
amoxicillin-clavulanic acid_K03327,3,Strong,amoxicillin-clavulanic acid,K03327
amoxicillin-clavulanic acid_K03446,2,Moderate,amoxicillin-clavulanic acid,K03446
amoxicillin-clavulanic acid_K03543,3,Strong,amoxicillin-clavulanic acid,K03543
amoxicillin-clavulanic acid_K03577,-1,Evidence,amoxicillin-clavulanic acid,K03577
amoxicillin-clavulanic acid_K03585,3,Strong,amoxicillin-clavulanic acid,K03585
amoxicillin-clavulanic acid_K03587,3,Strong,amoxicillin-clavulanic acid,K03587
amoxicillin-clavulanic acid_K03712,2,Moderate,amoxicillin-clavulanic acid,K03712
amoxicillin-clavulanic acid_K07552,2,Moderate,amoxicillin-clavulanic acid,K07552
amoxicillin-clavulanic acid_K07662,2,Moderate,amoxicillin-clavulanic acid,K07662
amoxicillin-clavulanic acid_K07690,3,Strong,amoxicillin-clavulanic acid,K07690
amoxicillin-clavulanic acid_K07788,3,Strong,amoxicillin-clavulanic acid,K07788
amoxicillin-clavulanic acid_K07789,2,Moderate,amoxicillin-clavulanic acid,K07789
amoxicillin-clavulanic acid_K08162,3,Strong,amoxicillin-clavulanic acid,K08162
amoxicillin-clavulanic acid_K08170,3,Strong,amoxicillin-clavulanic acid,K08170
amoxicillin-clavulanic acid_K08217,2,Moderate,amoxicillin-clavulanic acid,K08217
amoxicillin-clavulanic acid_K09475,3,Strong,amoxicillin-clavulanic acid,K09475
amoxicillin-clavulanic acid_K11742,2,Moderate,amoxicillin-clavulanic acid,K11742
amoxicillin-clavulanic acid_K12340,3,Strong,amoxicillin-clavulanic acid,K12340
amoxicillin-clavulanic acid_K12556,3,Strong,amoxicillin-clavulanic acid,K12556
amoxicillin-clavulanic acid_K13632,3,Strong,amoxicillin-clavulanic acid,K13632
amoxicillin-clavulanic acid_K15550,2,Moderate,amoxicillin-clavulanic acid,K15550
amoxicillin-clavulanic acid_K15974,2,Moderate,amoxicillin-clavulanic acid,K15974
amoxicillin-clavulanic acid_K17836,3,Strong,amoxicillin-clavulanic acid,K17836
amoxicillin-clavulanic acid_K18073,2,Moderate,amoxicillin-clavulanic acid,K18073
amoxicillin-clavulanic acid_K18095,3,Strong,amoxicillin-clavulanic acid,K18095
amoxicillin-clavulanic acid_K18129,3,Strong,amoxicillin-clavulanic acid,K18129
amoxicillin-clavulanic acid_K18130,2,Moderate,amoxicillin-clavulanic acid,K18130
amoxicillin-clavulanic acid_K18131,2,Moderate,amoxicillin-clavulanic acid,K18131
amoxicillin-clavulanic acid_K18135,3,Strong,amoxicillin-clavulanic acid,K18135
amoxicillin-clavulanic acid_K18138,3,Strong,amoxicillin-clavulanic acid,K18138
amoxicillin-clavulanic acid_K18139,3,Strong,amoxicillin-clavulanic acid,K18139
amoxicillin-clavulanic acid_K18141,2,Moderate,amoxicillin-clavulanic acid,K18141
amoxicillin-clavulanic acid_K18144,3,Strong,amoxicillin-clavulanic acid,K18144
amoxicillin-clavulanic acid_K18145,3,Strong,amoxicillin-clavulanic acid,K18145
amoxicillin-clavulanic acid_K18147,2,Moderate,amoxicillin-clavulanic acid,K18147
amoxicillin-clavulanic acid_K18294,3,Strong,amoxicillin-clavulanic acid,K18294
amoxicillin-clavulanic acid_K18297,2,Moderate,amoxicillin-clavulanic acid,K18297
amoxicillin-clavulanic acid_K18298,3,Strong,amoxicillin-clavulanic acid,K18298
amoxicillin-clavulanic acid_K18299,2,Moderate,amoxicillin-clavulanic acid,K18299
amoxicillin-clavulanic acid_K18300,2,Moderate,amoxicillin-clavulanic acid,K18300
amoxicillin-clavulanic acid_K18302,3,Strong,amoxicillin-clavulanic acid,K18302
amoxicillin-clavulanic acid_K18303,1,Weak,amoxicillin-clavulanic acid,K18303
amoxicillin-clavulanic acid_K18305,2,Moderate,amoxicillin-clavulanic acid,K18305
amoxicillin-clavulanic acid_K18307,3,Strong,amoxicillin-clavulanic acid,K18307
amoxicillin-clavulanic acid_K18591,3,Strong,amoxicillin-clavulanic acid,K18591
amoxicillin-clavulanic acid_K18698,3,Strong,amoxicillin-clavulanic acid,K18698
amoxicillin-clavulanic acid_K18766,3,Strong,amoxicillin-clavulanic acid,K18766
amoxicillin-clavulanic acid_K18767,3,Strong,amoxicillin-clavulanic acid,K18767
amoxicillin-clavulanic acid_K18768,3,Strong,amoxicillin-clavulanic acid,K18768
amoxicillin-clavulanic acid_K18780,3,Strong,amoxicillin-clavulanic acid,K18780
amoxicillin-clavulanic acid_K18781,3,Strong,amoxicillin-clavulanic acid,K18781
amoxicillin-clavulanic acid_K18790,3,Strong,amoxicillin-clavulanic acid,K18790
amoxicillin-clavulanic acid_K18791,3,Strong,amoxicillin-clavulanic acid,K18791
amoxicillin-clavulanic acid_K18792,3,Strong,amoxicillin-clavulanic acid,K18792
amoxicillin-clavulanic acid_K18793,3,Strong,amoxicillin-clavulanic acid,K18793
amoxicillin-clavulanic acid_K18794,3,Strong,amoxicillin-clavulanic acid,K18794
amoxicillin-clavulanic acid_K18795,2,Moderate,amoxicillin-clavulanic acid,K18795
amoxicillin-clavulanic acid_K18796,3,Strong,amoxicillin-clavulanic acid,K18796
amoxicillin-clavulanic acid_K18797,3,Strong,amoxicillin-clavulanic acid,K18797
amoxicillin-clavulanic acid_K18817,3,Strong,amoxicillin-clavulanic acid,K18817
amoxicillin-clavulanic acid_K18824,2,Moderate,amoxicillin-clavulanic acid,K18824
amoxicillin-clavulanic acid_K18891,3,Strong,amoxicillin-clavulanic acid,K18891
amoxicillin-clavulanic acid_K18892,2,Moderate,amoxicillin-clavulanic acid,K18892
amoxicillin-clavulanic acid_K18898,2,Moderate,amoxicillin-clavulanic acid,K18898
amoxicillin-clavulanic acid_K18899,3,Strong,amoxicillin-clavulanic acid,K18899
amoxicillin-clavulanic acid_K18901,3,Strong,amoxicillin-clavulanic acid,K18901
amoxicillin-clavulanic acid_K18903,3,Strong,amoxicillin-clavulanic acid,K18903
amoxicillin-clavulanic acid_K18909,2,Moderate,amoxicillin-clavulanic acid,K18909
amoxicillin-clavulanic acid_K18970,3,Strong,amoxicillin-clavulanic acid,K18970
amoxicillin-clavulanic acid_K18971,3,Strong,amoxicillin-clavulanic acid,K18971
amoxicillin-clavulanic acid_K18972,3,Strong,amoxicillin-clavulanic acid,K18972
amoxicillin-clavulanic acid_K18973,3,Strong,amoxicillin-clavulanic acid,K18973
amoxicillin-clavulanic acid_K18975,2,Moderate,amoxicillin-clavulanic acid,K18975
amoxicillin-clavulanic acid_K18976,3,Strong,amoxicillin-clavulanic acid,K18976
amoxicillin-clavulanic acid_K19097,3,Strong,amoxicillin-clavulanic acid,K19097
amoxicillin-clavulanic acid_K19100,3,Strong,amoxicillin-clavulanic acid,K19100
amoxicillin-clavulanic acid_K19101,3,Strong,amoxicillin-clavulanic acid,K19101
amoxicillin-clavulanic acid_K19218,3,Strong,amoxicillin-clavulanic acid,K19218
amoxicillin-clavulanic acid_K19318,2,Moderate,amoxicillin-clavulanic acid,K19318
amoxicillin-clavulanic acid_K19319,2,Moderate,amoxicillin-clavulanic acid,K19319
amoxicillin-clavulanic acid_K19576,2,Moderate,amoxicillin-clavulanic acid,K19576
amoxicillin-clavulanic acid_K19585,2,Moderate,amoxicillin-clavulanic acid,K19585
amoxicillin-clavulanic acid_K19586,2,Moderate,amoxicillin-clavulanic acid,K19586
amoxicillin-clavulanic acid_K19593,3,Strong,amoxicillin-clavulanic acid,K19593
amoxicillin-clavulanic acid_K20319,3,Strong,amoxicillin-clavulanic acid,K20319
amoxicillin-clavulanic acid_K20320,3,Strong,amoxicillin-clavulanic acid,K20320
amoxicillin-clavulanic acid_K21133,-1,Evidence,amoxicillin-clavulanic acid,K21133
amoxicillin-clavulanic acid_K21134,2,Moderate,amoxicillin-clavulanic acid,K21134
amoxicillin-clavulanic acid_K21136,2,Moderate,amoxicillin-clavulanic acid,K21136
amoxicillin-clavulanic acid_K21253,2,Moderate,amoxicillin-clavulanic acid,K21253
ampicillin_K00687,3,Strong,ampicillin,K00687
ampicillin_K00790,-1,Evidence,ampicillin,K00790
ampicillin_K00796,-1,Evidence,ampicillin,K00796
ampicillin_K01467,3,Strong,ampicillin,K01467
ampicillin_K02546,3,Strong,ampicillin,K02546
ampicillin_K02547,3,Strong,ampicillin,K02547
ampicillin_K03046,2,Moderate,ampicillin,K03046
ampicillin_K03297,3,Strong,ampicillin,K03297
ampicillin_K03327,2,Moderate,ampicillin,K03327
ampicillin_K03446,1,Weak,ampicillin,K03446
ampicillin_K03543,3,Strong,ampicillin,K03543
ampicillin_K03577,2,Moderate,ampicillin,K03577
ampicillin_K03585,3,Strong,ampicillin,K03585
ampicillin_K03587,3,Strong,ampicillin,K03587
ampicillin_K03712,2,Moderate,ampicillin,K03712
ampicillin_K05804,2,Moderate,ampicillin,K05804
ampicillin_K06159,2,Moderate,ampicillin,K06159
ampicillin_K07552,2,Moderate,ampicillin,K07552
ampicillin_K07642,2,Moderate,ampicillin,K07642
ampicillin_K07662,2,Moderate,ampicillin,K07662
ampicillin_K07664,3,Strong,ampicillin,K07664
ampicillin_K07788,2,Moderate,ampicillin,K07788
ampicillin_K07789,3,Strong,ampicillin,K07789
ampicillin_K07799,3,Strong,ampicillin,K07799
ampicillin_K08161,3,Strong,ampicillin,K08161
ampicillin_K08162,2,Moderate,ampicillin,K08162
ampicillin_K08168,3,Strong,ampicillin,K08168
ampicillin_K08217,3,Strong,ampicillin,K08217
ampicillin_K09475,2,Moderate,ampicillin,K09475
ampicillin_K09476,2,Moderate,ampicillin,K09476
ampicillin_K10012,2,Moderate,ampicillin,K10012
ampicillin_K12340,3,Strong,ampicillin,K12340
ampicillin_K12556,3,Strong,ampicillin,K12556
ampicillin_K13631,2,Moderate,ampicillin,K13631
ampicillin_K13632,3,Strong,ampicillin,K13632
ampicillin_K15549,2,Moderate,ampicillin,K15549
ampicillin_K15550,3,Strong,ampicillin,K15550
ampicillin_K15974,2,Moderate,ampicillin,K15974
ampicillin_K17836,3,Strong,ampicillin,K17836
ampicillin_K18072,2,Moderate,ampicillin,K18072
ampicillin_K18073,3,Strong,ampicillin,K18073
ampicillin_K18095,3,Strong,ampicillin,K18095
ampicillin_K18129,3,Strong,ampicillin,K18129
ampicillin_K18130,3,Strong,ampicillin,K18130
ampicillin_K18135,3,Strong,ampicillin,K18135
ampicillin_K18138,3,Strong,ampicillin,K18138
ampicillin_K18139,3,Strong,ampicillin,K18139
ampicillin_K18142,3,Strong,ampicillin,K18142
ampicillin_K18144,3,Strong,ampicillin,K18144
ampicillin_K18145,3,Strong,ampicillin,K18145
ampicillin_K18147,2,Moderate,ampicillin,K18147
ampicillin_K18150,2,Moderate,ampicillin,K18150
ampicillin_K18220,3,Strong,ampicillin,K18220
ampicillin_K18295,3,Strong,ampicillin,K18295
ampicillin_K18297,2,Moderate,ampicillin,K18297
ampicillin_K18298,3,Strong,ampicillin,K18298
ampicillin_K18299,3,Strong,ampicillin,K18299
ampicillin_K18300,2,Moderate,ampicillin,K18300
ampicillin_K18302,2,Moderate,ampicillin,K18302
ampicillin_K18305,2,Moderate,ampicillin,K18305
ampicillin_K18306,3,Strong,ampicillin,K18306
ampicillin_K18307,2,Moderate,ampicillin,K18307
ampicillin_K18308,3,Strong,ampicillin,K18308
ampicillin_K18324,3,Strong,ampicillin,K18324
ampicillin_K18698,3,Strong,ampicillin,K18698
ampicillin_K18699,3,Strong,ampicillin,K18699
ampicillin_K18766,3,Strong,ampicillin,K18766
ampicillin_K18767,3,Strong,ampicillin,K18767
ampicillin_K18768,3,Strong,ampicillin,K18768
ampicillin_K18780,3,Strong,ampicillin,K18780
ampicillin_K18781,3,Strong,ampicillin,K18781
ampicillin_K18782,3,Strong,ampicillin,K18782
ampicillin_K18790,3,Strong,ampicillin,K18790
ampicillin_K18791,3,Strong,ampicillin,K18791
ampicillin_K18792,3,Strong,ampicillin,K18792
ampicillin_K18793,3,Strong,ampicillin,K18793
ampicillin_K18794,3,Strong,ampicillin,K18794
ampicillin_K18795,3,Strong,ampicillin,K18795
ampicillin_K18796,3,Strong,ampicillin,K18796
ampicillin_K18797,3,Strong,ampicillin,K18797
ampicillin_K18824,3,Strong,ampicillin,K18824
ampicillin_K18891,2,Moderate,ampicillin,K18891
ampicillin_K18892,2,Moderate,ampicillin,K18892
ampicillin_K18898,2,Moderate,ampicillin,K18898
ampicillin_K18899,2,Moderate,ampicillin,K18899
ampicillin_K18901,2,Moderate,ampicillin,K18901
ampicillin_K18902,3,Strong,ampicillin,K18902
ampicillin_K18903,3,Strong,ampicillin,K18903
ampicillin_K18908,2,Moderate,ampicillin,K18908
ampicillin_K18909,2,Moderate,ampicillin,K18909
ampicillin_K18935,3,Strong,ampicillin,K18935
ampicillin_K18970,3,Strong,ampicillin,K18970
ampicillin_K18971,3,Strong,ampicillin,K18971
ampicillin_K18972,3,Strong,ampicillin,K18972
ampicillin_K18973,3,Strong,ampicillin,K18973
ampicillin_K18976,3,Strong,ampicillin,K18976
ampicillin_K19096,3,Strong,ampicillin,K19096
ampicillin_K19097,3,Strong,ampicillin,K19097
ampicillin_K19100,3,Strong,ampicillin,K19100
ampicillin_K19101,3,Strong,ampicillin,K19101
ampicillin_K19215,3,Strong,ampicillin,K19215
ampicillin_K19218,3,Strong,ampicillin,K19218
ampicillin_K19315,-1,Evidence,ampicillin,K19315
ampicillin_K19318,3,Strong,ampicillin,K19318
ampicillin_K19319,3,Strong,ampicillin,K19319
ampicillin_K19585,3,Strong,ampicillin,K19585
ampicillin_K19586,2,Moderate,ampicillin,K19586
ampicillin_K19593,2,Moderate,ampicillin,K19593
ampicillin_K19883,3,Strong,ampicillin,K19883
ampicillin_K20319,3,Strong,ampicillin,K20319
ampicillin_K20320,3,Strong,ampicillin,K20320
ampicillin_K21133,2,Moderate,ampicillin,K21133
ampicillin_K21135,3,Strong,ampicillin,K21135
ampicillin_K21136,3,Strong,ampicillin,K21136
ampicillin_K21137,3,Strong,ampicillin,K21137
ampicillin_K21264,2,Moderate,ampicillin,K21264
ampicillin-sulbactam_K00677,2,Moderate,ampicillin-sulbactam,K00677
ampicillin-sulbactam_K00687,3,Strong,ampicillin-sulbactam,K00687
ampicillin-sulbactam_K01467,3,Strong,ampicillin-sulbactam,K01467
ampicillin-sulbactam_K02470,2,Moderate,ampicillin-sulbactam,K02470
ampicillin-sulbactam_K02547,3,Strong,ampicillin-sulbactam,K02547
ampicillin-sulbactam_K03043,2,Moderate,ampicillin-sulbactam,K03043
ampicillin-sulbactam_K03297,1,Weak,ampicillin-sulbactam,K03297
ampicillin-sulbactam_K03446,2,Moderate,ampicillin-sulbactam,K03446
ampicillin-sulbactam_K03577,3,Strong,ampicillin-sulbactam,K03577
ampicillin-sulbactam_K03585,3,Strong,ampicillin-sulbactam,K03585
ampicillin-sulbactam_K03587,3,Strong,ampicillin-sulbactam,K03587
ampicillin-sulbactam_K03712,1,Weak,ampicillin-sulbactam,K03712
ampicillin-sulbactam_K03760,1,Weak,ampicillin-sulbactam,K03760
ampicillin-sulbactam_K05804,2,Moderate,ampicillin-sulbactam,K05804
ampicillin-sulbactam_K06159,1,Weak,ampicillin-sulbactam,K06159
ampicillin-sulbactam_K06979,2,Moderate,ampicillin-sulbactam,K06979
ampicillin-sulbactam_K07552,3,Strong,ampicillin-sulbactam,K07552
ampicillin-sulbactam_K07662,2,Moderate,ampicillin-sulbactam,K07662
ampicillin-sulbactam_K07690,3,Strong,ampicillin-sulbactam,K07690
ampicillin-sulbactam_K07788,3,Strong,ampicillin-sulbactam,K07788
ampicillin-sulbactam_K07789,2,Moderate,ampicillin-sulbactam,K07789
ampicillin-sulbactam_K08162,2,Moderate,ampicillin-sulbactam,K08162
ampicillin-sulbactam_K08167,3,Strong,ampicillin-sulbactam,K08167
ampicillin-sulbactam_K09475,3,Strong,ampicillin-sulbactam,K09475
ampicillin-sulbactam_K09476,2,Moderate,ampicillin-sulbactam,K09476
ampicillin-sulbactam_K12340,3,Strong,ampicillin-sulbactam,K12340
ampicillin-sulbactam_K12556,2,Moderate,ampicillin-sulbactam,K12556
ampicillin-sulbactam_K13632,2,Moderate,ampicillin-sulbactam,K13632
ampicillin-sulbactam_K15547,3,Strong,ampicillin-sulbactam,K15547
ampicillin-sulbactam_K15550,3,Strong,ampicillin-sulbactam,K15550
ampicillin-sulbactam_K15974,2,Moderate,ampicillin-sulbactam,K15974
ampicillin-sulbactam_K17836,2,Moderate,ampicillin-sulbactam,K17836
ampicillin-sulbactam_K18073,2,Moderate,ampicillin-sulbactam,K18073
ampicillin-sulbactam_K18095,3,Strong,ampicillin-sulbactam,K18095
ampicillin-sulbactam_K18129,3,Strong,ampicillin-sulbactam,K18129
ampicillin-sulbactam_K18130,2,Moderate,ampicillin-sulbactam,K18130
ampicillin-sulbactam_K18135,3,Strong,ampicillin-sulbactam,K18135
ampicillin-sulbactam_K18138,3,Strong,ampicillin-sulbactam,K18138
ampicillin-sulbactam_K18139,3,Strong,ampicillin-sulbactam,K18139
ampicillin-sulbactam_K18141,3,Strong,ampicillin-sulbactam,K18141
ampicillin-sulbactam_K18142,3,Strong,ampicillin-sulbactam,K18142
ampicillin-sulbactam_K18144,3,Strong,ampicillin-sulbactam,K18144
ampicillin-sulbactam_K18145,3,Strong,ampicillin-sulbactam,K18145
ampicillin-sulbactam_K18147,3,Strong,ampicillin-sulbactam,K18147
ampicillin-sulbactam_K18150,2,Moderate,ampicillin-sulbactam,K18150
ampicillin-sulbactam_K18295,3,Strong,ampicillin-sulbactam,K18295
ampicillin-sulbactam_K18297,3,Strong,ampicillin-sulbactam,K18297
ampicillin-sulbactam_K18298,3,Strong,ampicillin-sulbactam,K18298
ampicillin-sulbactam_K18303,2,Moderate,ampicillin-sulbactam,K18303
ampicillin-sulbactam_K18305,2,Moderate,ampicillin-sulbactam,K18305
ampicillin-sulbactam_K18306,3,Strong,ampicillin-sulbactam,K18306
ampicillin-sulbactam_K18307,3,Strong,ampicillin-sulbactam,K18307
ampicillin-sulbactam_K18308,2,Moderate,ampicillin-sulbactam,K18308
ampicillin-sulbactam_K18324,3,Strong,ampicillin-sulbactam,K18324
ampicillin-sulbactam_K18698,3,Strong,ampicillin-sulbactam,K18698
ampicillin-sulbactam_K18699,3,Strong,ampicillin-sulbactam,K18699
ampicillin-sulbactam_K18766,3,Strong,ampicillin-sulbactam,K18766
ampicillin-sulbactam_K18767,3,Strong,ampicillin-sulbactam,K18767
ampicillin-sulbactam_K18768,2,Moderate,ampicillin-sulbactam,K18768
ampicillin-sulbactam_K18780,3,Strong,ampicillin-sulbactam,K18780
ampicillin-sulbactam_K18781,3,Strong,ampicillin-sulbactam,K18781
ampicillin-sulbactam_K18791,3,Strong,ampicillin-sulbactam,K18791
ampicillin-sulbactam_K18792,3,Strong,ampicillin-sulbactam,K18792
ampicillin-sulbactam_K18793,3,Strong,ampicillin-sulbactam,K18793
ampicillin-sulbactam_K18794,3,Strong,ampicillin-sulbactam,K18794
ampicillin-sulbactam_K18795,3,Strong,ampicillin-sulbactam,K18795
ampicillin-sulbactam_K18796,3,Strong,ampicillin-sulbactam,K18796
ampicillin-sulbactam_K18797,2,Moderate,ampicillin-sulbactam,K18797
ampicillin-sulbactam_K18891,2,Moderate,ampicillin-sulbactam,K18891
ampicillin-sulbactam_K18898,2,Moderate,ampicillin-sulbactam,K18898
ampicillin-sulbactam_K18899,3,Strong,ampicillin-sulbactam,K18899
ampicillin-sulbactam_K18970,3,Strong,ampicillin-sulbactam,K18970
ampicillin-sulbactam_K18971,3,Strong,ampicillin-sulbactam,K18971
ampicillin-sulbactam_K18972,3,Strong,ampicillin-sulbactam,K18972
ampicillin-sulbactam_K18973,3,Strong,ampicillin-sulbactam,K18973
ampicillin-sulbactam_K18975,3,Strong,ampicillin-sulbactam,K18975
ampicillin-sulbactam_K18976,3,Strong,ampicillin-sulbactam,K18976
ampicillin-sulbactam_K19063,-1,Evidence,ampicillin-sulbactam,K19063
ampicillin-sulbactam_K19096,3,Strong,ampicillin-sulbactam,K19096
ampicillin-sulbactam_K19097,3,Strong,ampicillin-sulbactam,K19097
ampicillin-sulbactam_K19100,3,Strong,ampicillin-sulbactam,K19100
ampicillin-sulbactam_K19101,3,Strong,ampicillin-sulbactam,K19101
ampicillin-sulbactam_K19215,3,Strong,ampicillin-sulbactam,K19215
ampicillin-sulbactam_K19218,3,Strong,ampicillin-sulbactam,K19218
ampicillin-sulbactam_K19279,1,Weak,ampicillin-sulbactam,K19279
ampicillin-sulbactam_K19318,3,Strong,ampicillin-sulbactam,K19318
ampicillin-sulbactam_K19319,3,Strong,ampicillin-sulbactam,K19319
ampicillin-sulbactam_K19585,2,Moderate,ampicillin-sulbactam,K19585
ampicillin-sulbactam_K19586,3,Strong,ampicillin-sulbactam,K19586
ampicillin-sulbactam_K19593,3,Strong,ampicillin-sulbactam,K19593
ampicillin-sulbactam_K19594,2,Moderate,ampicillin-sulbactam,K19594
ampicillin-sulbactam_K19595,2,Moderate,ampicillin-sulbactam,K19595
ampicillin-sulbactam_K20319,3,Strong,ampicillin-sulbactam,K20319
ampicillin-sulbactam_K20320,3,Strong,ampicillin-sulbactam,K20320
ampicillin-sulbactam_K21133,3,Strong,ampicillin-sulbactam,K21133
ampicillin-sulbactam_K21135,2,Moderate,ampicillin-sulbactam,K21135
ampicillin-sulbactam_K21136,3,Strong,ampicillin-sulbactam,K21136
ampicillin-sulbactam_K21137,3,Strong,ampicillin-sulbactam,K21137
ampicillin-sulbactam_K21253,2,Moderate,ampicillin-sulbactam,K21253
aztreonam_K00790,2,Moderate,aztreonam,K00790
aztreonam_K01467,3,Strong,aztreonam,K01467
aztreonam_K02469,2,Moderate,aztreonam,K02469
aztreonam_K02470,2,Moderate,aztreonam,K02470
aztreonam_K02547,3,Strong,aztreonam,K02547
aztreonam_K03327,2,Moderate,aztreonam,K03327
aztreonam_K03446,3,Strong,aztreonam,K03446
aztreonam_K03543,2,Moderate,aztreonam,K03543
aztreonam_K03577,3,Strong,aztreonam,K03577
aztreonam_K03585,3,Strong,aztreonam,K03585
aztreonam_K03587,3,Strong,aztreonam,K03587
aztreonam_K07264,2,Moderate,aztreonam,K07264
aztreonam_K07640,2,Moderate,aztreonam,K07640
aztreonam_K07660,2,Moderate,aztreonam,K07660
aztreonam_K07662,2,Moderate,aztreonam,K07662
aztreonam_K07690,2,Moderate,aztreonam,K07690
aztreonam_K07788,1,Weak,aztreonam,K07788
aztreonam_K07789,3,Strong,aztreonam,K07789
aztreonam_K07799,1,Weak,aztreonam,K07799
aztreonam_K08161,2,Moderate,aztreonam,K08161
aztreonam_K08162,3,Strong,aztreonam,K08162
aztreonam_K08168,-1,Evidence,aztreonam,K08168
aztreonam_K08170,2,Moderate,aztreonam,K08170
aztreonam_K08217,2,Moderate,aztreonam,K08217
aztreonam_K09475,3,Strong,aztreonam,K09475
aztreonam_K09476,3,Strong,aztreonam,K09476
aztreonam_K10011,1,Weak,aztreonam,K10011
aztreonam_K12340,3,Strong,aztreonam,K12340
aztreonam_K13632,2,Moderate,aztreonam,K13632
aztreonam_K15549,3,Strong,aztreonam,K15549
aztreonam_K15974,2,Moderate,aztreonam,K15974
aztreonam_K17836,3,Strong,aztreonam,K17836
aztreonam_K18072,3,Strong,aztreonam,K18072
aztreonam_K18073,3,Strong,aztreonam,K18073
aztreonam_K18093,2,Moderate,aztreonam,K18093
aztreonam_K18095,2,Moderate,aztreonam,K18095
aztreonam_K18130,3,Strong,aztreonam,K18130
aztreonam_K18131,3,Strong,aztreonam,K18131
aztreonam_K18135,3,Strong,aztreonam,K18135
aztreonam_K18138,2,Moderate,aztreonam,K18138
aztreonam_K18139,3,Strong,aztreonam,K18139
aztreonam_K18142,1,Weak,aztreonam,K18142
aztreonam_K18145,3,Strong,aztreonam,K18145
aztreonam_K18147,3,Strong,aztreonam,K18147
aztreonam_K18150,3,Strong,aztreonam,K18150
aztreonam_K18294,3,Strong,aztreonam,K18294
aztreonam_K18295,3,Strong,aztreonam,K18295
aztreonam_K18297,3,Strong,aztreonam,K18297
aztreonam_K18298,2,Moderate,aztreonam,K18298
aztreonam_K18299,2,Moderate,aztreonam,K18299
aztreonam_K18300,3,Strong,aztreonam,K18300
aztreonam_K18301,2,Moderate,aztreonam,K18301
aztreonam_K18303,3,Strong,aztreonam,K18303
aztreonam_K18305,2,Moderate,aztreonam,K18305
aztreonam_K18306,3,Strong,aztreonam,K18306
aztreonam_K18308,3,Strong,aztreonam,K18308
aztreonam_K18324,3,Strong,aztreonam,K18324
aztreonam_K18552,2,Moderate,aztreonam,K18552
aztreonam_K18555,2,Moderate,aztreonam,K18555
aztreonam_K18698,3,Strong,aztreonam,K18698
aztreonam_K18766,3,Strong,aztreonam,K18766
aztreonam_K18767,3,Strong,aztreonam,K18767
aztreonam_K18781,2,Moderate,aztreonam,K18781
aztreonam_K18782,3,Strong,aztreonam,K18782
aztreonam_K18790,2,Moderate,aztreonam,K18790
aztreonam_K18791,3,Strong,aztreonam,K18791
aztreonam_K18792,3,Strong,aztreonam,K18792
aztreonam_K18793,3,Strong,aztreonam,K18793
aztreonam_K18794,3,Strong,aztreonam,K18794
aztreonam_K18795,3,Strong,aztreonam,K18795
aztreonam_K18796,3,Strong,aztreonam,K18796
aztreonam_K18817,1,Weak,aztreonam,K18817
aztreonam_K18898,3,Strong,aztreonam,K18898
aztreonam_K18902,3,Strong,aztreonam,K18902
aztreonam_K18903,3,Strong,aztreonam,K18903
aztreonam_K18908,3,Strong,aztreonam,K18908
aztreonam_K18971,3,Strong,aztreonam,K18971
aztreonam_K18972,3,Strong,aztreonam,K18972
aztreonam_K18973,3,Strong,aztreonam,K18973
aztreonam_K18975,3,Strong,aztreonam,K18975
aztreonam_K18976,3,Strong,aztreonam,K18976
aztreonam_K19096,3,Strong,aztreonam,K19096
aztreonam_K19097,3,Strong,aztreonam,K19097
aztreonam_K19100,2,Moderate,aztreonam,K19100
aztreonam_K19101,3,Strong,aztreonam,K19101
aztreonam_K19215,3,Strong,aztreonam,K19215
aztreonam_K19218,3,Strong,aztreonam,K19218
aztreonam_K19315,3,Strong,aztreonam,K19315
aztreonam_K19318,3,Strong,aztreonam,K19318
aztreonam_K19319,3,Strong,aztreonam,K19319
aztreonam_K19585,2,Moderate,aztreonam,K19585
aztreonam_K19586,3,Strong,aztreonam,K19586
aztreonam_K19593,3,Strong,aztreonam,K19593
aztreonam_K19594,2,Moderate,aztreonam,K19594
aztreonam_K20319,3,Strong,aztreonam,K20319
aztreonam_K20320,3,Strong,aztreonam,K20320
aztreonam_K21133,2,Moderate,aztreonam,K21133
aztreonam_K21134,3,Strong,aztreonam,K21134
aztreonam_K21137,3,Strong,aztreonam,K21137
cefazolin_K00287,1,Weak,cefazolin,K00287
cefazolin_K00663,2,Moderate,cefazolin,K00663
cefazolin_K00687,3,Strong,cefazolin,K00687
cefazolin_K01467,3,Strong,cefazolin,K01467
cefazolin_K02470,2,Moderate,cefazolin,K02470
cefazolin_K02546,3,Strong,cefazolin,K02546
cefazolin_K02547,2,Moderate,cefazolin,K02547
cefazolin_K03543,3,Strong,cefazolin,K03543
cefazolin_K03585,3,Strong,cefazolin,K03585
cefazolin_K03587,3,Strong,cefazolin,K03587
cefazolin_K07664,2,Moderate,cefazolin,K07664
cefazolin_K07690,3,Strong,cefazolin,K07690
cefazolin_K07788,2,Moderate,cefazolin,K07788
cefazolin_K07789,2,Moderate,cefazolin,K07789
cefazolin_K08162,2,Moderate,cefazolin,K08162
cefazolin_K08170,3,Strong,cefazolin,K08170
cefazolin_K08217,2,Moderate,cefazolin,K08217
cefazolin_K09475,3,Strong,cefazolin,K09475
cefazolin_K10673,2,Moderate,cefazolin,K10673
cefazolin_K12340,3,Strong,cefazolin,K12340
cefazolin_K12556,3,Strong,cefazolin,K12556
cefazolin_K13632,2,Moderate,cefazolin,K13632
cefazolin_K17836,3,Strong,cefazolin,K17836
cefazolin_K18072,2,Moderate,cefazolin,K18072
cefazolin_K18095,3,Strong,cefazolin,K18095
cefazolin_K18129,2,Moderate,cefazolin,K18129
cefazolin_K18130,2,Moderate,cefazolin,K18130
cefazolin_K18131,2,Moderate,cefazolin,K18131
cefazolin_K18135,2,Moderate,cefazolin,K18135
cefazolin_K18138,3,Strong,cefazolin,K18138
cefazolin_K18139,3,Strong,cefazolin,K18139
cefazolin_K18141,3,Strong,cefazolin,K18141
cefazolin_K18142,2,Moderate,cefazolin,K18142
cefazolin_K18144,2,Moderate,cefazolin,K18144
cefazolin_K18220,3,Strong,cefazolin,K18220
cefazolin_K18295,3,Strong,cefazolin,K18295
cefazolin_K18298,2,Moderate,cefazolin,K18298
cefazolin_K18299,3,Strong,cefazolin,K18299
cefazolin_K18303,2,Moderate,cefazolin,K18303
cefazolin_K18698,3,Strong,cefazolin,K18698
cefazolin_K18699,3,Strong,cefazolin,K18699
cefazolin_K18766,3,Strong,cefazolin,K18766
cefazolin_K18768,3,Strong,cefazolin,K18768
cefazolin_K18781,3,Strong,cefazolin,K18781
cefazolin_K18790,3,Strong,cefazolin,K18790
cefazolin_K18791,3,Strong,cefazolin,K18791
cefazolin_K18792,3,Strong,cefazolin,K18792
cefazolin_K18793,3,Strong,cefazolin,K18793
cefazolin_K18794,3,Strong,cefazolin,K18794
cefazolin_K18795,3,Strong,cefazolin,K18795
cefazolin_K18796,3,Strong,cefazolin,K18796
cefazolin_K18817,2,Moderate,cefazolin,K18817
cefazolin_K18898,3,Strong,cefazolin,K18898
cefazolin_K18899,2,Moderate,cefazolin,K18899
cefazolin_K18901,3,Strong,cefazolin,K18901
cefazolin_K18970,3,Strong,cefazolin,K18970
cefazolin_K18971,3,Strong,cefazolin,K18971
cefazolin_K18973,3,Strong,cefazolin,K18973
cefazolin_K18976,3,Strong,cefazolin,K18976
cefazolin_K19097,3,Strong,cefazolin,K19097
cefazolin_K19100,3,Strong,cefazolin,K19100
cefazolin_K19101,3,Strong,cefazolin,K19101
cefazolin_K19218,3,Strong,cefazolin,K19218
cefazolin_K19318,3,Strong,cefazolin,K19318
cefazolin_K19319,3,Strong,cefazolin,K19319
cefazolin_K19593,3,Strong,cefazolin,K19593
cefazolin_K19595,2,Moderate,cefazolin,K19595
cefazolin_K20319,3,Strong,cefazolin,K20319
cefazolin_K20320,3,Strong,cefazolin,K20320
cefazolin_K21134,1,Weak,cefazolin,K21134
cefazolin_K21135,3,Strong,cefazolin,K21135
cefepime_K00677,2,Moderate,cefepime,K00677
cefepime_K00687,3,Strong,cefepime,K00687
cefepime_K01467,3,Strong,cefepime,K01467
cefepime_K01870,-1,Evidence,cefepime,K01870
cefepime_K02546,1,Weak,cefepime,K02546
cefepime_K02547,3,Strong,cefepime,K02547
cefepime_K02621,1,Weak,cefepime,K02621
cefepime_K03297,2,Moderate,cefepime,K03297
cefepime_K03543,2,Moderate,cefepime,K03543
cefepime_K03577,2,Moderate,cefepime,K03577
cefepime_K03585,3,Strong,cefepime,K03585
cefepime_K03587,3,Strong,cefepime,K03587
cefepime_K03760,2,Moderate,cefepime,K03760
cefepime_K05804,2,Moderate,cefepime,K05804
cefepime_K06159,2,Moderate,cefepime,K06159
cefepime_K07274,-1,Evidence,cefepime,K07274
cefepime_K07660,2,Moderate,cefepime,K07660
cefepime_K07662,2,Moderate,cefepime,K07662
cefepime_K07664,3,Strong,cefepime,K07664
cefepime_K07788,2,Moderate,cefepime,K07788
cefepime_K07789,2,Moderate,cefepime,K07789
cefepime_K08161,3,Strong,cefepime,K08161
cefepime_K08162,2,Moderate,cefepime,K08162
cefepime_K08167,3,Strong,cefepime,K08167
cefepime_K08170,2,Moderate,cefepime,K08170
cefepime_K09475,3,Strong,cefepime,K09475
cefepime_K09476,3,Strong,cefepime,K09476
cefepime_K12340,3,Strong,cefepime,K12340
cefepime_K12556,3,Strong,cefepime,K12556
cefepime_K15549,2,Moderate,cefepime,K15549
cefepime_K17836,3,Strong,cefepime,K17836
cefepime_K18093,3,Strong,cefepime,K18093
cefepime_K18095,3,Strong,cefepime,K18095
cefepime_K18129,3,Strong,cefepime,K18129
cefepime_K18130,3,Strong,cefepime,K18130
cefepime_K18131,-1,Evidence,cefepime,K18131
cefepime_K18135,3,Strong,cefepime,K18135
cefepime_K18138,3,Strong,cefepime,K18138
cefepime_K18139,3,Strong,cefepime,K18139
cefepime_K18140,2,Moderate,cefepime,K18140
cefepime_K18142,1,Weak,cefepime,K18142
cefepime_K18145,3,Strong,cefepime,K18145
cefepime_K18147,3,Strong,cefepime,K18147
cefepime_K18150,3,Strong,cefepime,K18150
cefepime_K18294,2,Moderate,cefepime,K18294
cefepime_K18295,3,Strong,cefepime,K18295
cefepime_K18299,3,Strong,cefepime,K18299
cefepime_K18302,3,Strong,cefepime,K18302
cefepime_K18303,2,Moderate,cefepime,K18303
cefepime_K18324,3,Strong,cefepime,K18324
cefepime_K18476,1,Weak,cefepime,K18476
cefepime_K18591,3,Strong,cefepime,K18591
cefepime_K18698,3,Strong,cefepime,K18698
cefepime_K18699,1,Weak,cefepime,K18699
cefepime_K18766,3,Strong,cefepime,K18766
cefepime_K18767,2,Moderate,cefepime,K18767
cefepime_K18768,3,Strong,cefepime,K18768
cefepime_K18780,3,Strong,cefepime,K18780
cefepime_K18781,3,Strong,cefepime,K18781
cefepime_K18782,3,Strong,cefepime,K18782
cefepime_K18790,3,Strong,cefepime,K18790
cefepime_K18791,3,Strong,cefepime,K18791
cefepime_K18792,3,Strong,cefepime,K18792
cefepime_K18793,3,Strong,cefepime,K18793
cefepime_K18794,3,Strong,cefepime,K18794
cefepime_K18795,3,Strong,cefepime,K18795
cefepime_K18796,3,Strong,cefepime,K18796
cefepime_K18797,3,Strong,cefepime,K18797
cefepime_K18891,3,Strong,cefepime,K18891
cefepime_K18892,2,Moderate,cefepime,K18892
cefepime_K18898,3,Strong,cefepime,K18898
cefepime_K18899,3,Strong,cefepime,K18899
cefepime_K18901,3,Strong,cefepime,K18901
cefepime_K18903,3,Strong,cefepime,K18903
cefepime_K18908,2,Moderate,cefepime,K18908
cefepime_K18935,3,Strong,cefepime,K18935
cefepime_K18970,2,Moderate,cefepime,K18970
cefepime_K18971,3,Strong,cefepime,K18971
cefepime_K18972,3,Strong,cefepime,K18972
cefepime_K18973,3,Strong,cefepime,K18973
cefepime_K18974,3,Strong,cefepime,K18974
cefepime_K18976,3,Strong,cefepime,K18976
cefepime_K19097,3,Strong,cefepime,K19097
cefepime_K19100,3,Strong,cefepime,K19100
cefepime_K19101,3,Strong,cefepime,K19101
cefepime_K19215,3,Strong,cefepime,K19215
cefepime_K19218,3,Strong,cefepime,K19218
cefepime_K19315,-1,Evidence,cefepime,K19315
cefepime_K19318,2,Moderate,cefepime,K19318
cefepime_K19319,3,Strong,cefepime,K19319
cefepime_K19576,2,Moderate,cefepime,K19576
cefepime_K19593,3,Strong,cefepime,K19593
cefepime_K19595,2,Moderate,cefepime,K19595
cefepime_K20319,3,Strong,cefepime,K20319
cefepime_K20320,3,Strong,cefepime,K20320
cefepime_K21135,3,Strong,cefepime,K21135
cefepime_K21136,2,Moderate,cefepime,K21136
cefepime_K21137,2,Moderate,cefepime,K21137
cefotaxime_K00677,2,Moderate,cefotaxime,K00677
cefotaxime_K00687,3,Strong,cefotaxime,K00687
cefotaxime_K01467,3,Strong,cefotaxime,K01467
cefotaxime_K02469,2,Moderate,cefotaxime,K02469
cefotaxime_K02546,2,Moderate,cefotaxime,K02546
cefotaxime_K02547,3,Strong,cefotaxime,K02547
cefotaxime_K03297,1,Weak,cefotaxime,K03297
cefotaxime_K03327,2,Moderate,cefotaxime,K03327
cefotaxime_K03395,2,Moderate,cefotaxime,K03395
cefotaxime_K03446,2,Moderate,cefotaxime,K03446
cefotaxime_K03543,3,Strong,cefotaxime,K03543
cefotaxime_K03577,2,Moderate,cefotaxime,K03577
cefotaxime_K03585,3,Strong,cefotaxime,K03585
cefotaxime_K03712,2,Moderate,cefotaxime,K03712
cefotaxime_K03760,2,Moderate,cefotaxime,K03760
cefotaxime_K07642,2,Moderate,cefotaxime,K07642
cefotaxime_K07664,3,Strong,cefotaxime,K07664
cefotaxime_K07788,2,Moderate,cefotaxime,K07788
cefotaxime_K07789,2,Moderate,cefotaxime,K07789
cefotaxime_K07799,3,Strong,cefotaxime,K07799
cefotaxime_K08170,3,Strong,cefotaxime,K08170
cefotaxime_K08217,3,Strong,cefotaxime,K08217
cefotaxime_K09475,2,Moderate,cefotaxime,K09475
cefotaxime_K10011,2,Moderate,cefotaxime,K10011
cefotaxime_K11210,3,Strong,cefotaxime,K11210
cefotaxime_K12340,3,Strong,cefotaxime,K12340
cefotaxime_K12556,3,Strong,cefotaxime,K12556
cefotaxime_K13632,2,Moderate,cefotaxime,K13632
cefotaxime_K15547,2,Moderate,cefotaxime,K15547
cefotaxime_K15549,3,Strong,cefotaxime,K15549
cefotaxime_K17836,3,Strong,cefotaxime,K17836
cefotaxime_K17881,3,Strong,cefotaxime,K17881
cefotaxime_K18093,3,Strong,cefotaxime,K18093
cefotaxime_K18095,3,Strong,cefotaxime,K18095
cefotaxime_K18129,3,Strong,cefotaxime,K18129
cefotaxime_K18130,2,Moderate,cefotaxime,K18130
cefotaxime_K18131,3,Strong,cefotaxime,K18131
cefotaxime_K18135,3,Strong,cefotaxime,K18135
cefotaxime_K18138,3,Strong,cefotaxime,K18138
cefotaxime_K18139,3,Strong,cefotaxime,K18139
cefotaxime_K18142,3,Strong,cefotaxime,K18142
cefotaxime_K18145,3,Strong,cefotaxime,K18145
cefotaxime_K18295,3,Strong,cefotaxime,K18295
cefotaxime_K18298,3,Strong,cefotaxime,K18298
cefotaxime_K18299,2,Moderate,cefotaxime,K18299
cefotaxime_K18300,2,Moderate,cefotaxime,K18300
cefotaxime_K18302,3,Strong,cefotaxime,K18302
cefotaxime_K18303,2,Moderate,cefotaxime,K18303
cefotaxime_K18306,3,Strong,cefotaxime,K18306
cefotaxime_K18308,3,Strong,cefotaxime,K18308
cefotaxime_K18698,3,Strong,cefotaxime,K18698
cefotaxime_K18699,3,Strong,cefotaxime,K18699
cefotaxime_K18766,3,Strong,cefotaxime,K18766
cefotaxime_K18767,3,Strong,cefotaxime,K18767
cefotaxime_K18768,3,Strong,cefotaxime,K18768
cefotaxime_K18780,3,Strong,cefotaxime,K18780
cefotaxime_K18781,3,Strong,cefotaxime,K18781
cefotaxime_K18782,3,Strong,cefotaxime,K18782
cefotaxime_K18790,2,Moderate,cefotaxime,K18790
cefotaxime_K18791,3,Strong,cefotaxime,K18791
cefotaxime_K18792,3,Strong,cefotaxime,K18792
cefotaxime_K18793,3,Strong,cefotaxime,K18793
cefotaxime_K18794,3,Strong,cefotaxime,K18794
cefotaxime_K18795,3,Strong,cefotaxime,K18795
cefotaxime_K18796,3,Strong,cefotaxime,K18796
cefotaxime_K18797,3,Strong,cefotaxime,K18797
cefotaxime_K18845,2,Moderate,cefotaxime,K18845
cefotaxime_K18892,1,Weak,cefotaxime,K18892
cefotaxime_K18899,3,Strong,cefotaxime,K18899
cefotaxime_K18902,3,Strong,cefotaxime,K18902
cefotaxime_K18908,2,Moderate,cefotaxime,K18908
cefotaxime_K18970,3,Strong,cefotaxime,K18970
cefotaxime_K18971,3,Strong,cefotaxime,K18971
cefotaxime_K18972,3,Strong,cefotaxime,K18972
cefotaxime_K18973,3,Strong,cefotaxime,K18973
cefotaxime_K18975,3,Strong,cefotaxime,K18975
cefotaxime_K18976,3,Strong,cefotaxime,K18976
cefotaxime_K19063,1,Weak,cefotaxime,K19063
cefotaxime_K19096,3,Strong,cefotaxime,K19096
cefotaxime_K19097,3,Strong,cefotaxime,K19097
cefotaxime_K19100,3,Strong,cefotaxime,K19100
cefotaxime_K19101,3,Strong,cefotaxime,K19101
cefotaxime_K19215,3,Strong,cefotaxime,K19215
cefotaxime_K19218,3,Strong,cefotaxime,K19218
cefotaxime_K19318,3,Strong,cefotaxime,K19318
cefotaxime_K19319,3,Strong,cefotaxime,K19319
cefotaxime_K19585,3,Strong,cefotaxime,K19585
cefotaxime_K19586,2,Moderate,cefotaxime,K19586
cefotaxime_K19592,3,Strong,cefotaxime,K19592
cefotaxime_K19595,2,Moderate,cefotaxime,K19595
cefotaxime_K19644,3,Strong,cefotaxime,K19644
cefotaxime_K20319,3,Strong,cefotaxime,K20319
cefotaxime_K20320,3,Strong,cefotaxime,K20320
cefotaxime_K21136,2,Moderate,cefotaxime,K21136
cefotaxime_K21265,-1,Evidence,cefotaxime,K21265
cefoxitin_K00687,3,Strong,cefoxitin,K00687
cefoxitin_K01467,3,Strong,cefoxitin,K01467
cefoxitin_K02470,2,Moderate,cefoxitin,K02470
cefoxitin_K02546,3,Strong,cefoxitin,K02546
cefoxitin_K02547,3,Strong,cefoxitin,K02547
cefoxitin_K03043,3,Strong,cefoxitin,K03043
cefoxitin_K03446,1,Weak,cefoxitin,K03446
cefoxitin_K03585,3,Strong,cefoxitin,K03585
cefoxitin_K03587,3,Strong,cefoxitin,K03587
cefoxitin_K07642,2,Moderate,cefoxitin,K07642
cefoxitin_K07789,2,Moderate,cefoxitin,K07789
cefoxitin_K07799,2,Moderate,cefoxitin,K07799
cefoxitin_K08161,1,Weak,cefoxitin,K08161
cefoxitin_K08162,2,Moderate,cefoxitin,K08162
cefoxitin_K08170,2,Moderate,cefoxitin,K08170
cefoxitin_K09476,3,Strong,cefoxitin,K09476
cefoxitin_K12340,2,Moderate,cefoxitin,K12340
cefoxitin_K17836,3,Strong,cefoxitin,K17836
cefoxitin_K18095,3,Strong,cefoxitin,K18095
cefoxitin_K18131,3,Strong,cefoxitin,K18131
cefoxitin_K18135,3,Strong,cefoxitin,K18135
cefoxitin_K18139,2,Moderate,cefoxitin,K18139
cefoxitin_K18141,2,Moderate,cefoxitin,K18141
cefoxitin_K18144,2,Moderate,cefoxitin,K18144
cefoxitin_K18147,3,Strong,cefoxitin,K18147
cefoxitin_K18231,1,Weak,cefoxitin,K18231
cefoxitin_K18294,2,Moderate,cefoxitin,K18294
cefoxitin_K18295,3,Strong,cefoxitin,K18295
cefoxitin_K18300,1,Weak,cefoxitin,K18300
cefoxitin_K18302,2,Moderate,cefoxitin,K18302
cefoxitin_K18306,3,Strong,cefoxitin,K18306
cefoxitin_K18307,2,Moderate,cefoxitin,K18307
cefoxitin_K18698,3,Strong,cefoxitin,K18698
cefoxitin_K18699,3,Strong,cefoxitin,K18699
cefoxitin_K18766,3,Strong,cefoxitin,K18766
cefoxitin_K18767,3,Strong,cefoxitin,K18767
cefoxitin_K18768,3,Strong,cefoxitin,K18768
cefoxitin_K18780,3,Strong,cefoxitin,K18780
cefoxitin_K18782,3,Strong,cefoxitin,K18782
cefoxitin_K18790,3,Strong,cefoxitin,K18790
cefoxitin_K18791,3,Strong,cefoxitin,K18791
cefoxitin_K18792,3,Strong,cefoxitin,K18792
cefoxitin_K18793,3,Strong,cefoxitin,K18793
cefoxitin_K18794,3,Strong,cefoxitin,K18794
cefoxitin_K18795,3,Strong,cefoxitin,K18795
cefoxitin_K18797,3,Strong,cefoxitin,K18797
cefoxitin_K18898,2,Moderate,cefoxitin,K18898
cefoxitin_K18899,2,Moderate,cefoxitin,K18899
cefoxitin_K18901,3,Strong,cefoxitin,K18901
cefoxitin_K18903,3,Strong,cefoxitin,K18903
cefoxitin_K18906,2,Moderate,cefoxitin,K18906
cefoxitin_K18908,2,Moderate,cefoxitin,K18908
cefoxitin_K18934,2,Moderate,cefoxitin,K18934
cefoxitin_K18970,3,Strong,cefoxitin,K18970
cefoxitin_K18976,3,Strong,cefoxitin,K18976
cefoxitin_K19097,3,Strong,cefoxitin,K19097
cefoxitin_K19100,3,Strong,cefoxitin,K19100
cefoxitin_K19101,3,Strong,cefoxitin,K19101
cefoxitin_K19319,3,Strong,cefoxitin,K19319
cefoxitin_K19585,2,Moderate,cefoxitin,K19585
cefoxitin_K19586,2,Moderate,cefoxitin,K19586
cefoxitin_K19593,2,Moderate,cefoxitin,K19593
cefoxitin_K20319,3,Strong,cefoxitin,K20319
cefoxitin_K20320,3,Strong,cefoxitin,K20320
cefoxitin_K21133,3,Strong,cefoxitin,K21133
cefoxitin_K21134,2,Moderate,cefoxitin,K21134
cefoxitin_K21135,2,Moderate,cefoxitin,K21135
ceftazidime_K00687,3,Strong,ceftazidime,K00687
ceftazidime_K01467,3,Strong,ceftazidime,K01467
ceftazidime_K02470,1,Weak,ceftazidime,K02470
ceftazidime_K02547,2,Moderate,ceftazidime,K02547
ceftazidime_K03297,3,Strong,ceftazidime,K03297
ceftazidime_K03327,2,Moderate,ceftazidime,K03327
ceftazidime_K03446,2,Moderate,ceftazidime,K03446
ceftazidime_K03577,3,Strong,ceftazidime,K03577
ceftazidime_K03585,3,Strong,ceftazidime,K03585
ceftazidime_K03587,3,Strong,ceftazidime,K03587
ceftazidime_K07552,3,Strong,ceftazidime,K07552
ceftazidime_K07637,2,Moderate,ceftazidime,K07637
ceftazidime_K07642,2,Moderate,ceftazidime,K07642
ceftazidime_K07660,2,Moderate,ceftazidime,K07660
ceftazidime_K07664,3,Strong,ceftazidime,K07664
ceftazidime_K07788,3,Strong,ceftazidime,K07788
ceftazidime_K07799,3,Strong,ceftazidime,K07799
ceftazidime_K08170,3,Strong,ceftazidime,K08170
ceftazidime_K09475,2,Moderate,ceftazidime,K09475
ceftazidime_K09476,3,Strong,ceftazidime,K09476
ceftazidime_K12340,3,Strong,ceftazidime,K12340
ceftazidime_K15549,2,Moderate,ceftazidime,K15549
ceftazidime_K15550,3,Strong,ceftazidime,K15550
ceftazidime_K17836,3,Strong,ceftazidime,K17836
ceftazidime_K17881,-1,Evidence,ceftazidime,K17881
ceftazidime_K18093,2,Moderate,ceftazidime,K18093
ceftazidime_K18095,3,Strong,ceftazidime,K18095
ceftazidime_K18129,2,Moderate,ceftazidime,K18129
ceftazidime_K18130,3,Strong,ceftazidime,K18130
ceftazidime_K18131,3,Strong,ceftazidime,K18131
ceftazidime_K18135,3,Strong,ceftazidime,K18135
ceftazidime_K18138,3,Strong,ceftazidime,K18138
ceftazidime_K18139,3,Strong,ceftazidime,K18139
ceftazidime_K18141,2,Moderate,ceftazidime,K18141
ceftazidime_K18145,3,Strong,ceftazidime,K18145
ceftazidime_K18150,3,Strong,ceftazidime,K18150
ceftazidime_K18295,3,Strong,ceftazidime,K18295
ceftazidime_K18297,3,Strong,ceftazidime,K18297
ceftazidime_K18298,2,Moderate,ceftazidime,K18298
ceftazidime_K18299,3,Strong,ceftazidime,K18299
ceftazidime_K18300,3,Strong,ceftazidime,K18300
ceftazidime_K18303,3,Strong,ceftazidime,K18303
ceftazidime_K18307,3,Strong,ceftazidime,K18307
ceftazidime_K18324,3,Strong,ceftazidime,K18324
ceftazidime_K18590,2,Moderate,ceftazidime,K18590
ceftazidime_K18698,3,Strong,ceftazidime,K18698
ceftazidime_K18699,3,Strong,ceftazidime,K18699
ceftazidime_K18766,3,Strong,ceftazidime,K18766
ceftazidime_K18767,3,Strong,ceftazidime,K18767
ceftazidime_K18768,3,Strong,ceftazidime,K18768
ceftazidime_K18780,3,Strong,ceftazidime,K18780
ceftazidime_K18781,3,Strong,ceftazidime,K18781
ceftazidime_K18790,3,Strong,ceftazidime,K18790
ceftazidime_K18791,3,Strong,ceftazidime,K18791
ceftazidime_K18792,3,Strong,ceftazidime,K18792
ceftazidime_K18793,3,Strong,ceftazidime,K18793
ceftazidime_K18794,3,Strong,ceftazidime,K18794
ceftazidime_K18795,3,Strong,ceftazidime,K18795
ceftazidime_K18796,3,Strong,ceftazidime,K18796
ceftazidime_K18797,3,Strong,ceftazidime,K18797
ceftazidime_K18824,3,Strong,ceftazidime,K18824
ceftazidime_K18891,3,Strong,ceftazidime,K18891
ceftazidime_K18899,3,Strong,ceftazidime,K18899
ceftazidime_K18901,2,Moderate,ceftazidime,K18901
ceftazidime_K18908,2,Moderate,ceftazidime,K18908
ceftazidime_K18935,2,Moderate,ceftazidime,K18935
ceftazidime_K18971,3,Strong,ceftazidime,K18971
ceftazidime_K18972,3,Strong,ceftazidime,K18972
ceftazidime_K18973,3,Strong,ceftazidime,K18973
ceftazidime_K18975,2,Moderate,ceftazidime,K18975
ceftazidime_K18976,2,Moderate,ceftazidime,K18976
ceftazidime_K19096,3,Strong,ceftazidime,K19096
ceftazidime_K19097,3,Strong,ceftazidime,K19097
ceftazidime_K19100,3,Strong,ceftazidime,K19100
ceftazidime_K19215,3,Strong,ceftazidime,K19215
ceftazidime_K19218,3,Strong,ceftazidime,K19218
ceftazidime_K19271,-1,Evidence,ceftazidime,K19271
ceftazidime_K19272,-1,Evidence,ceftazidime,K19272
ceftazidime_K19318,3,Strong,ceftazidime,K19318
ceftazidime_K19319,3,Strong,ceftazidime,K19319
ceftazidime_K19593,2,Moderate,ceftazidime,K19593
ceftazidime_K20319,3,Strong,ceftazidime,K20319
ceftazidime_K20320,3,Strong,ceftazidime,K20320
ceftazidime_K21133,2,Moderate,ceftazidime,K21133
ceftazidime_K21134,2,Moderate,ceftazidime,K21134
ceftazidime_K21135,3,Strong,ceftazidime,K21135
ceftiofur_K00287,2,Moderate,ceftiofur,K00287
ceftiofur_K00638,2,Moderate,ceftiofur,K00638
ceftiofur_K00790,3,Strong,ceftiofur,K00790
ceftiofur_K01467,3,Strong,ceftiofur,K01467
ceftiofur_K02546,1,Weak,ceftiofur,K02546
ceftiofur_K02547,2,Moderate,ceftiofur,K02547
ceftiofur_K03297,3,Strong,ceftiofur,K03297
ceftiofur_K03327,2,Moderate,ceftiofur,K03327
ceftiofur_K03446,3,Strong,ceftiofur,K03446
ceftiofur_K03585,3,Strong,ceftiofur,K03585
ceftiofur_K03587,3,Strong,ceftiofur,K03587
ceftiofur_K03712,1,Weak,ceftiofur,K03712
ceftiofur_K03760,2,Moderate,ceftiofur,K03760
ceftiofur_K06159,2,Moderate,ceftiofur,K06159
ceftiofur_K07788,2,Moderate,ceftiofur,K07788
ceftiofur_K07789,2,Moderate,ceftiofur,K07789
ceftiofur_K07799,2,Moderate,ceftiofur,K07799
ceftiofur_K08161,2,Moderate,ceftiofur,K08161
ceftiofur_K08162,3,Strong,ceftiofur,K08162
ceftiofur_K08167,3,Strong,ceftiofur,K08167
ceftiofur_K09476,2,Moderate,ceftiofur,K09476
ceftiofur_K12340,3,Strong,ceftiofur,K12340
ceftiofur_K12556,3,Strong,ceftiofur,K12556
ceftiofur_K13632,2,Moderate,ceftiofur,K13632
ceftiofur_K15547,3,Strong,ceftiofur,K15547
ceftiofur_K15549,2,Moderate,ceftiofur,K15549
ceftiofur_K17836,3,Strong,ceftiofur,K17836
ceftiofur_K18129,2,Moderate,ceftiofur,K18129
ceftiofur_K18130,3,Strong,ceftiofur,K18130
ceftiofur_K18131,2,Moderate,ceftiofur,K18131
ceftiofur_K18139,3,Strong,ceftiofur,K18139
ceftiofur_K18141,2,Moderate,ceftiofur,K18141
ceftiofur_K18142,2,Moderate,ceftiofur,K18142
ceftiofur_K18144,3,Strong,ceftiofur,K18144
ceftiofur_K18145,3,Strong,ceftiofur,K18145
ceftiofur_K18150,2,Moderate,ceftiofur,K18150
ceftiofur_K18295,2,Moderate,ceftiofur,K18295
ceftiofur_K18297,3,Strong,ceftiofur,K18297
ceftiofur_K18299,2,Moderate,ceftiofur,K18299
ceftiofur_K18301,2,Moderate,ceftiofur,K18301
ceftiofur_K18305,2,Moderate,ceftiofur,K18305
ceftiofur_K18306,3,Strong,ceftiofur,K18306
ceftiofur_K18307,2,Moderate,ceftiofur,K18307
ceftiofur_K18308,3,Strong,ceftiofur,K18308
ceftiofur_K18324,3,Strong,ceftiofur,K18324
ceftiofur_K18476,2,Moderate,ceftiofur,K18476
ceftiofur_K18698,3,Strong,ceftiofur,K18698
ceftiofur_K18699,3,Strong,ceftiofur,K18699
ceftiofur_K18766,3,Strong,ceftiofur,K18766
ceftiofur_K18781,3,Strong,ceftiofur,K18781
ceftiofur_K18790,3,Strong,ceftiofur,K18790
ceftiofur_K18791,3,Strong,ceftiofur,K18791
ceftiofur_K18792,3,Strong,ceftiofur,K18792
ceftiofur_K18793,3,Strong,ceftiofur,K18793
ceftiofur_K18795,3,Strong,ceftiofur,K18795
ceftiofur_K18796,3,Strong,ceftiofur,K18796
ceftiofur_K18797,3,Strong,ceftiofur,K18797
ceftiofur_K18901,3,Strong,ceftiofur,K18901
ceftiofur_K18902,2,Moderate,ceftiofur,K18902
ceftiofur_K18906,2,Moderate,ceftiofur,K18906
ceftiofur_K18934,3,Strong,ceftiofur,K18934
ceftiofur_K18970,3,Strong,ceftiofur,K18970
ceftiofur_K19101,3,Strong,ceftiofur,K19101
ceftiofur_K19592,2,Moderate,ceftiofur,K19592
ceftiofur_K19593,2,Moderate,ceftiofur,K19593
ceftiofur_K19595,2,Moderate,ceftiofur,K19595
ceftiofur_K19644,2,Moderate,ceftiofur,K19644
ceftiofur_K20319,2,Moderate,ceftiofur,K20319
ceftiofur_K20320,3,Strong,ceftiofur,K20320
ceftiofur_K21133,2,Moderate,ceftiofur,K21133
ceftiofur_K21264,1,Weak,ceftiofur,K21264
ceftriaxone_K00677,2,Moderate,ceftriaxone,K00677
ceftriaxone_K00687,3,Strong,ceftriaxone,K00687
ceftriaxone_K01467,3,Strong,ceftriaxone,K01467
ceftriaxone_K02469,-1,Evidence,ceftriaxone,K02469
ceftriaxone_K02546,2,Moderate,ceftriaxone,K02546
ceftriaxone_K03327,2,Moderate,ceftriaxone,K03327
ceftriaxone_K03446,2,Moderate,ceftriaxone,K03446
ceftriaxone_K03543,3,Strong,ceftriaxone,K03543
ceftriaxone_K03577,3,Strong,ceftriaxone,K03577
ceftriaxone_K03585,3,Strong,ceftriaxone,K03585
ceftriaxone_K03587,3,Strong,ceftriaxone,K03587
ceftriaxone_K06153,1,Weak,ceftriaxone,K06153
ceftriaxone_K07637,2,Moderate,ceftriaxone,K07637
ceftriaxone_K07642,1,Weak,ceftriaxone,K07642
ceftriaxone_K07662,2,Moderate,ceftriaxone,K07662
ceftriaxone_K07789,3,Strong,ceftriaxone,K07789
ceftriaxone_K08161,3,Strong,ceftriaxone,K08161
ceftriaxone_K08170,2,Moderate,ceftriaxone,K08170
ceftriaxone_K09476,2,Moderate,ceftriaxone,K09476
ceftriaxone_K12340,2,Moderate,ceftriaxone,K12340
ceftriaxone_K12556,3,Strong,ceftriaxone,K12556
ceftriaxone_K13632,3,Strong,ceftriaxone,K13632
ceftriaxone_K15550,2,Moderate,ceftriaxone,K15550
ceftriaxone_K17836,3,Strong,ceftriaxone,K17836
ceftriaxone_K17881,2,Moderate,ceftriaxone,K17881
ceftriaxone_K18072,3,Strong,ceftriaxone,K18072
ceftriaxone_K18073,2,Moderate,ceftriaxone,K18073
ceftriaxone_K18095,3,Strong,ceftriaxone,K18095
ceftriaxone_K18129,3,Strong,ceftriaxone,K18129
ceftriaxone_K18130,2,Moderate,ceftriaxone,K18130
ceftriaxone_K18131,3,Strong,ceftriaxone,K18131
ceftriaxone_K18135,3,Strong,ceftriaxone,K18135
ceftriaxone_K18138,3,Strong,ceftriaxone,K18138
ceftriaxone_K18139,3,Strong,ceftriaxone,K18139
ceftriaxone_K18141,3,Strong,ceftriaxone,K18141
ceftriaxone_K18144,3,Strong,ceftriaxone,K18144
ceftriaxone_K18147,3,Strong,ceftriaxone,K18147
ceftriaxone_K18150,3,Strong,ceftriaxone,K18150
ceftriaxone_K18294,3,Strong,ceftriaxone,K18294
ceftriaxone_K18295,2,Moderate,ceftriaxone,K18295
ceftriaxone_K18298,2,Moderate,ceftriaxone,K18298
ceftriaxone_K18299,2,Moderate,ceftriaxone,K18299
ceftriaxone_K18300,2,Moderate,ceftriaxone,K18300
ceftriaxone_K18302,2,Moderate,ceftriaxone,K18302
ceftriaxone_K18305,2,Moderate,ceftriaxone,K18305
ceftriaxone_K18307,2,Moderate,ceftriaxone,K18307
ceftriaxone_K18555,-1,Evidence,ceftriaxone,K18555
ceftriaxone_K18590,3,Strong,ceftriaxone,K18590
ceftriaxone_K18698,3,Strong,ceftriaxone,K18698
ceftriaxone_K18699,3,Strong,ceftriaxone,K18699
ceftriaxone_K18766,3,Strong,ceftriaxone,K18766
ceftriaxone_K18767,3,Strong,ceftriaxone,K18767
ceftriaxone_K18768,3,Strong,ceftriaxone,K18768
ceftriaxone_K18780,3,Strong,ceftriaxone,K18780
ceftriaxone_K18781,3,Strong,ceftriaxone,K18781
ceftriaxone_K18790,3,Strong,ceftriaxone,K18790
ceftriaxone_K18791,3,Strong,ceftriaxone,K18791
ceftriaxone_K18792,3,Strong,ceftriaxone,K18792
ceftriaxone_K18793,3,Strong,ceftriaxone,K18793
ceftriaxone_K18794,3,Strong,ceftriaxone,K18794
ceftriaxone_K18795,3,Strong,ceftriaxone,K18795
ceftriaxone_K18796,3,Strong,ceftriaxone,K18796
ceftriaxone_K18845,3,Strong,ceftriaxone,K18845
ceftriaxone_K18892,2,Moderate,ceftriaxone,K18892
ceftriaxone_K18898,3,Strong,ceftriaxone,K18898
ceftriaxone_K18901,2,Moderate,ceftriaxone,K18901
ceftriaxone_K18903,3,Strong,ceftriaxone,K18903
ceftriaxone_K18908,2,Moderate,ceftriaxone,K18908
ceftriaxone_K18971,3,Strong,ceftriaxone,K18971
ceftriaxone_K18972,3,Strong,ceftriaxone,K18972
ceftriaxone_K18973,3,Strong,ceftriaxone,K18973
ceftriaxone_K18974,3,Strong,ceftriaxone,K18974
ceftriaxone_K18976,3,Strong,ceftriaxone,K18976
ceftriaxone_K19097,3,Strong,ceftriaxone,K19097
ceftriaxone_K19100,3,Strong,ceftriaxone,K19100
ceftriaxone_K19101,3,Strong,ceftriaxone,K19101
ceftriaxone_K19215,3,Strong,ceftriaxone,K19215
ceftriaxone_K19218,3,Strong,ceftriaxone,K19218
ceftriaxone_K19272,3,Strong,ceftriaxone,K19272
ceftriaxone_K19275,1,Weak,ceftriaxone,K19275
ceftriaxone_K19276,3,Strong,ceftriaxone,K19276
ceftriaxone_K19300,-1,Evidence,ceftriaxone,K19300
ceftriaxone_K19301,3,Strong,ceftriaxone,K19301
ceftriaxone_K19318,3,Strong,ceftriaxone,K19318
ceftriaxone_K19319,3,Strong,ceftriaxone,K19319
ceftriaxone_K19585,2,Moderate,ceftriaxone,K19585
ceftriaxone_K19586,2,Moderate,ceftriaxone,K19586
ceftriaxone_K19593,3,Strong,ceftriaxone,K19593
ceftriaxone_K19643,-1,Evidence,ceftriaxone,K19643
ceftriaxone_K20319,3,Strong,ceftriaxone,K20319
ceftriaxone_K20320,3,Strong,ceftriaxone,K20320
ceftriaxone_K21133,3,Strong,ceftriaxone,K21133
ceftriaxone_K21134,2,Moderate,ceftriaxone,K21134
ceftriaxone_K21135,2,Moderate,ceftriaxone,K21135
ceftriaxone_K21136,3,Strong,ceftriaxone,K21136
cefuroxime_K00287,1,Weak,cefuroxime,K00287
cefuroxime_K00663,2,Moderate,cefuroxime,K00663
cefuroxime_K00677,2,Moderate,cefuroxime,K00677
cefuroxime_K00790,-1,Evidence,cefuroxime,K00790
cefuroxime_K01467,3,Strong,cefuroxime,K01467
cefuroxime_K02469,-1,Evidence,cefuroxime,K02469
cefuroxime_K02546,3,Strong,cefuroxime,K02546
cefuroxime_K02547,3,Strong,cefuroxime,K02547
cefuroxime_K02622,2,Moderate,cefuroxime,K02622
cefuroxime_K03046,2,Moderate,cefuroxime,K03046
cefuroxime_K03543,3,Strong,cefuroxime,K03543
cefuroxime_K03577,2,Moderate,cefuroxime,K03577
cefuroxime_K03585,3,Strong,cefuroxime,K03585
cefuroxime_K03587,2,Moderate,cefuroxime,K03587
cefuroxime_K03760,2,Moderate,cefuroxime,K03760
cefuroxime_K05804,2,Moderate,cefuroxime,K05804
cefuroxime_K07642,2,Moderate,cefuroxime,K07642
cefuroxime_K07664,2,Moderate,cefuroxime,K07664
cefuroxime_K07788,3,Strong,cefuroxime,K07788
cefuroxime_K07789,3,Strong,cefuroxime,K07789
cefuroxime_K07799,3,Strong,cefuroxime,K07799
cefuroxime_K08170,1,Weak,cefuroxime,K08170
cefuroxime_K08217,2,Moderate,cefuroxime,K08217
cefuroxime_K09475,3,Strong,cefuroxime,K09475
cefuroxime_K09476,2,Moderate,cefuroxime,K09476
cefuroxime_K12340,2,Moderate,cefuroxime,K12340
cefuroxime_K12556,3,Strong,cefuroxime,K12556
cefuroxime_K13631,1,Weak,cefuroxime,K13631
cefuroxime_K13632,3,Strong,cefuroxime,K13632
cefuroxime_K15550,3,Strong,cefuroxime,K15550
cefuroxime_K17836,3,Strong,cefuroxime,K17836
cefuroxime_K18093,2,Moderate,cefuroxime,K18093
cefuroxime_K18095,3,Strong,cefuroxime,K18095
cefuroxime_K18129,2,Moderate,cefuroxime,K18129
cefuroxime_K18130,2,Moderate,cefuroxime,K18130
cefuroxime_K18131,3,Strong,cefuroxime,K18131
cefuroxime_K18135,-1,Evidence,cefuroxime,K18135
cefuroxime_K18138,3,Strong,cefuroxime,K18138
cefuroxime_K18139,3,Strong,cefuroxime,K18139
cefuroxime_K18294,3,Strong,cefuroxime,K18294
cefuroxime_K18295,3,Strong,cefuroxime,K18295
cefuroxime_K18297,2,Moderate,cefuroxime,K18297
cefuroxime_K18298,3,Strong,cefuroxime,K18298
cefuroxime_K18299,2,Moderate,cefuroxime,K18299
cefuroxime_K18303,3,Strong,cefuroxime,K18303
cefuroxime_K18307,3,Strong,cefuroxime,K18307
cefuroxime_K18324,2,Moderate,cefuroxime,K18324
cefuroxime_K18553,2,Moderate,cefuroxime,K18553
cefuroxime_K18555,3,Strong,cefuroxime,K18555
cefuroxime_K18698,3,Strong,cefuroxime,K18698
cefuroxime_K18699,3,Strong,cefuroxime,K18699
cefuroxime_K18766,3,Strong,cefuroxime,K18766
cefuroxime_K18767,3,Strong,cefuroxime,K18767
cefuroxime_K18768,2,Moderate,cefuroxime,K18768
cefuroxime_K18780,3,Strong,cefuroxime,K18780
cefuroxime_K18781,3,Strong,cefuroxime,K18781
cefuroxime_K18790,3,Strong,cefuroxime,K18790
cefuroxime_K18791,3,Strong,cefuroxime,K18791
cefuroxime_K18792,3,Strong,cefuroxime,K18792
cefuroxime_K18793,3,Strong,cefuroxime,K18793
cefuroxime_K18794,3,Strong,cefuroxime,K18794
cefuroxime_K18795,3,Strong,cefuroxime,K18795
cefuroxime_K18796,3,Strong,cefuroxime,K18796
cefuroxime_K18899,3,Strong,cefuroxime,K18899
cefuroxime_K18902,2,Moderate,cefuroxime,K18902
cefuroxime_K18903,2,Moderate,cefuroxime,K18903
cefuroxime_K18906,1,Weak,cefuroxime,K18906
cefuroxime_K18908,3,Strong,cefuroxime,K18908
cefuroxime_K18970,3,Strong,cefuroxime,K18970
cefuroxime_K18971,3,Strong,cefuroxime,K18971
cefuroxime_K18973,3,Strong,cefuroxime,K18973
cefuroxime_K18975,3,Strong,cefuroxime,K18975
cefuroxime_K18976,2,Moderate,cefuroxime,K18976
cefuroxime_K19096,3,Strong,cefuroxime,K19096
cefuroxime_K19097,3,Strong,cefuroxime,K19097
cefuroxime_K19100,3,Strong,cefuroxime,K19100
cefuroxime_K19101,3,Strong,cefuroxime,K19101
cefuroxime_K19215,3,Strong,cefuroxime,K19215
cefuroxime_K19218,3,Strong,cefuroxime,K19218
cefuroxime_K19318,3,Strong,cefuroxime,K19318
cefuroxime_K19319,3,Strong,cefuroxime,K19319
cefuroxime_K19592,2,Moderate,cefuroxime,K19592
cefuroxime_K19593,3,Strong,cefuroxime,K19593
cefuroxime_K19595,3,Strong,cefuroxime,K19595
cefuroxime_K20319,3,Strong,cefuroxime,K20319
cefuroxime_K20320,3,Strong,cefuroxime,K20320
cefuroxime_K21134,2,Moderate,cefuroxime,K21134
cefuroxime_K21136,2,Moderate,cefuroxime,K21136
cefuroxime_K21137,2,Moderate,cefuroxime,K21137
chloramphenicol_K00561,-1,Evidence,chloramphenicol,K00561
chloramphenicol_K00638,3,Strong,chloramphenicol,K00638
chloramphenicol_K00663,3,Strong,chloramphenicol,K00663
chloramphenicol_K00984,3,Strong,chloramphenicol,K00984
chloramphenicol_K03297,2,Moderate,chloramphenicol,K03297
chloramphenicol_K03327,2,Moderate,chloramphenicol,K03327
chloramphenicol_K03446,3,Strong,chloramphenicol,K03446
chloramphenicol_K03543,3,Strong,chloramphenicol,K03543
chloramphenicol_K03577,3,Strong,chloramphenicol,K03577
chloramphenicol_K03585,3,Strong,chloramphenicol,K03585
chloramphenicol_K03712,2,Moderate,chloramphenicol,K03712
chloramphenicol_K05804,2,Moderate,chloramphenicol,K05804
chloramphenicol_K06159,3,Strong,chloramphenicol,K06159
chloramphenicol_K07552,3,Strong,chloramphenicol,K07552
chloramphenicol_K07637,2,Moderate,chloramphenicol,K07637
chloramphenicol_K07640,1,Weak,chloramphenicol,K07640
chloramphenicol_K07642,3,Strong,chloramphenicol,K07642
chloramphenicol_K07788,3,Strong,chloramphenicol,K07788
chloramphenicol_K07789,3,Strong,chloramphenicol,K07789
chloramphenicol_K07799,3,Strong,chloramphenicol,K07799
chloramphenicol_K08162,3,Strong,chloramphenicol,K08162
chloramphenicol_K08167,3,Strong,chloramphenicol,K08167
chloramphenicol_K08168,3,Strong,chloramphenicol,K08168
chloramphenicol_K08170,3,Strong,chloramphenicol,K08170
chloramphenicol_K08217,2,Moderate,chloramphenicol,K08217
chloramphenicol_K09475,2,Moderate,chloramphenicol,K09475
chloramphenicol_K09476,2,Moderate,chloramphenicol,K09476
chloramphenicol_K10673,3,Strong,chloramphenicol,K10673
chloramphenicol_K11210,3,Strong,chloramphenicol,K11210
chloramphenicol_K12340,3,Strong,chloramphenicol,K12340
chloramphenicol_K12556,2,Moderate,chloramphenicol,K12556
chloramphenicol_K13631,2,Moderate,chloramphenicol,K13631
chloramphenicol_K13632,2,Moderate,chloramphenicol,K13632
chloramphenicol_K15547,3,Strong,chloramphenicol,K15547
chloramphenicol_K15549,2,Moderate,chloramphenicol,K15549
chloramphenicol_K15550,2,Moderate,chloramphenicol,K15550
chloramphenicol_K15974,2,Moderate,chloramphenicol,K15974
chloramphenicol_K18093,3,Strong,chloramphenicol,K18093
chloramphenicol_K18095,3,Strong,chloramphenicol,K18095
chloramphenicol_K18130,2,Moderate,chloramphenicol,K18130
chloramphenicol_K18131,3,Strong,chloramphenicol,K18131
chloramphenicol_K18135,2,Moderate,chloramphenicol,K18135
chloramphenicol_K18138,3,Strong,chloramphenicol,K18138
chloramphenicol_K18139,3,Strong,chloramphenicol,K18139
chloramphenicol_K18140,1,Weak,chloramphenicol,K18140
chloramphenicol_K18141,3,Strong,chloramphenicol,K18141
chloramphenicol_K18142,2,Moderate,chloramphenicol,K18142
chloramphenicol_K18145,3,Strong,chloramphenicol,K18145
chloramphenicol_K18147,3,Strong,chloramphenicol,K18147
chloramphenicol_K18150,3,Strong,chloramphenicol,K18150
chloramphenicol_K18231,2,Moderate,chloramphenicol,K18231
chloramphenicol_K18295,3,Strong,chloramphenicol,K18295
chloramphenicol_K18297,2,Moderate,chloramphenicol,K18297
chloramphenicol_K18298,2,Moderate,chloramphenicol,K18298
chloramphenicol_K18299,3,Strong,chloramphenicol,K18299
chloramphenicol_K18300,3,Strong,chloramphenicol,K18300
chloramphenicol_K18301,2,Moderate,chloramphenicol,K18301
chloramphenicol_K18302,3,Strong,chloramphenicol,K18302
chloramphenicol_K18303,3,Strong,chloramphenicol,K18303
chloramphenicol_K18305,2,Moderate,chloramphenicol,K18305
chloramphenicol_K18306,3,Strong,chloramphenicol,K18306
chloramphenicol_K18308,3,Strong,chloramphenicol,K18308
chloramphenicol_K18324,3,Strong,chloramphenicol,K18324
chloramphenicol_K18476,3,Strong,chloramphenicol,K18476
chloramphenicol_K18552,3,Strong,chloramphenicol,K18552
chloramphenicol_K18553,3,Strong,chloramphenicol,K18553
chloramphenicol_K18590,3,Strong,chloramphenicol,K18590
chloramphenicol_K18766,2,Moderate,chloramphenicol,K18766
chloramphenicol_K18768,3,Strong,chloramphenicol,K18768
chloramphenicol_K18791,3,Strong,chloramphenicol,K18791
chloramphenicol_K18795,3,Strong,chloramphenicol,K18795
chloramphenicol_K18797,3,Strong,chloramphenicol,K18797
chloramphenicol_K18815,3,Strong,chloramphenicol,K18815
chloramphenicol_K18817,2,Moderate,chloramphenicol,K18817
chloramphenicol_K18824,3,Strong,chloramphenicol,K18824
chloramphenicol_K18845,2,Moderate,chloramphenicol,K18845
chloramphenicol_K18891,2,Moderate,chloramphenicol,K18891
chloramphenicol_K18898,3,Strong,chloramphenicol,K18898
chloramphenicol_K18899,3,Strong,chloramphenicol,K18899
chloramphenicol_K18901,3,Strong,chloramphenicol,K18901
chloramphenicol_K18902,3,Strong,chloramphenicol,K18902
chloramphenicol_K18906,1,Weak,chloramphenicol,K18906
chloramphenicol_K18908,3,Strong,chloramphenicol,K18908
chloramphenicol_K18909,2,Moderate,chloramphenicol,K18909
chloramphenicol_K18934,3,Strong,chloramphenicol,K18934
chloramphenicol_K18975,3,Strong,chloramphenicol,K18975
chloramphenicol_K19097,3,Strong,chloramphenicol,K19097
chloramphenicol_K19100,3,Strong,chloramphenicol,K19100
chloramphenicol_K19271,3,Strong,chloramphenicol,K19271
chloramphenicol_K19272,2,Moderate,chloramphenicol,K19272
chloramphenicol_K19300,-1,Evidence,chloramphenicol,K19300
chloramphenicol_K19318,-1,Evidence,chloramphenicol,K19318
chloramphenicol_K19576,2,Moderate,chloramphenicol,K19576
chloramphenicol_K19585,2,Moderate,chloramphenicol,K19585
chloramphenicol_K19592,2,Moderate,chloramphenicol,K19592
chloramphenicol_K19594,2,Moderate,chloramphenicol,K19594
chloramphenicol_K19595,2,Moderate,chloramphenicol,K19595
chloramphenicol_K19644,3,Strong,chloramphenicol,K19644
chloramphenicol_K19645,3,Strong,chloramphenicol,K19645
chloramphenicol_K19883,3,Strong,chloramphenicol,K19883
chloramphenicol_K20320,3,Strong,chloramphenicol,K20320
chloramphenicol_K21133,3,Strong,chloramphenicol,K21133
chloramphenicol_K21134,2,Moderate,chloramphenicol,K21134
chloramphenicol_K21135,3,Strong,chloramphenicol,K21135
chloramphenicol_K21136,3,Strong,chloramphenicol,K21136
chloramphenicol_K21137,2,Moderate,chloramphenicol,K21137
ciprofloxacin_K00638,3,Strong,ciprofloxacin,K00638
ciprofloxacin_K00677,2,Moderate,ciprofloxacin,K00677
ciprofloxacin_K01467,2,Moderate,ciprofloxacin,K01467
ciprofloxacin_K02469,3,Strong,ciprofloxacin,K02469
ciprofloxacin_K02470,3,Strong,ciprofloxacin,K02470
ciprofloxacin_K02621,3,Strong,ciprofloxacin,K02621
ciprofloxacin_K03043,3,Strong,ciprofloxacin,K03043
ciprofloxacin_K03046,1,Weak,ciprofloxacin,K03046
ciprofloxacin_K03446,2,Moderate,ciprofloxacin,K03446
ciprofloxacin_K03543,3,Strong,ciprofloxacin,K03543
ciprofloxacin_K03577,3,Strong,ciprofloxacin,K03577
ciprofloxacin_K03585,3,Strong,ciprofloxacin,K03585
ciprofloxacin_K03712,3,Strong,ciprofloxacin,K03712
ciprofloxacin_K05804,2,Moderate,ciprofloxacin,K05804
ciprofloxacin_K07552,3,Strong,ciprofloxacin,K07552
ciprofloxacin_K07662,3,Strong,ciprofloxacin,K07662
ciprofloxacin_K07788,2,Moderate,ciprofloxacin,K07788
ciprofloxacin_K07789,3,Strong,ciprofloxacin,K07789
ciprofloxacin_K07799,3,Strong,ciprofloxacin,K07799
ciprofloxacin_K08161,3,Strong,ciprofloxacin,K08161
ciprofloxacin_K08162,3,Strong,ciprofloxacin,K08162
ciprofloxacin_K08167,3,Strong,ciprofloxacin,K08167
ciprofloxacin_K08170,3,Strong,ciprofloxacin,K08170
ciprofloxacin_K09476,3,Strong,ciprofloxacin,K09476
ciprofloxacin_K11743,2,Moderate,ciprofloxacin,K11743
ciprofloxacin_K12340,3,Strong,ciprofloxacin,K12340
ciprofloxacin_K13631,2,Moderate,ciprofloxacin,K13631
ciprofloxacin_K13632,2,Moderate,ciprofloxacin,K13632
ciprofloxacin_K15547,3,Strong,ciprofloxacin,K15547
ciprofloxacin_K15549,3,Strong,ciprofloxacin,K15549
ciprofloxacin_K15550,3,Strong,ciprofloxacin,K15550
ciprofloxacin_K15974,2,Moderate,ciprofloxacin,K15974
ciprofloxacin_K17836,-1,Evidence,ciprofloxacin,K17836
ciprofloxacin_K18095,3,Strong,ciprofloxacin,K18095
ciprofloxacin_K18129,3,Strong,ciprofloxacin,K18129
ciprofloxacin_K18130,3,Strong,ciprofloxacin,K18130
ciprofloxacin_K18131,3,Strong,ciprofloxacin,K18131
ciprofloxacin_K18135,3,Strong,ciprofloxacin,K18135
ciprofloxacin_K18138,3,Strong,ciprofloxacin,K18138
ciprofloxacin_K18139,2,Moderate,ciprofloxacin,K18139
ciprofloxacin_K18140,2,Moderate,ciprofloxacin,K18140
ciprofloxacin_K18141,2,Moderate,ciprofloxacin,K18141
ciprofloxacin_K18142,3,Strong,ciprofloxacin,K18142
ciprofloxacin_K18145,3,Strong,ciprofloxacin,K18145
ciprofloxacin_K18147,3,Strong,ciprofloxacin,K18147
ciprofloxacin_K18231,3,Strong,ciprofloxacin,K18231
ciprofloxacin_K18294,3,Strong,ciprofloxacin,K18294
ciprofloxacin_K18295,3,Strong,ciprofloxacin,K18295
ciprofloxacin_K18298,3,Strong,ciprofloxacin,K18298
ciprofloxacin_K18299,3,Strong,ciprofloxacin,K18299
ciprofloxacin_K18300,3,Strong,ciprofloxacin,K18300
ciprofloxacin_K18301,2,Moderate,ciprofloxacin,K18301
ciprofloxacin_K18302,3,Strong,ciprofloxacin,K18302
ciprofloxacin_K18303,3,Strong,ciprofloxacin,K18303
ciprofloxacin_K18305,2,Moderate,ciprofloxacin,K18305
ciprofloxacin_K18306,2,Moderate,ciprofloxacin,K18306
ciprofloxacin_K18308,3,Strong,ciprofloxacin,K18308
ciprofloxacin_K18324,3,Strong,ciprofloxacin,K18324
ciprofloxacin_K18555,3,Strong,ciprofloxacin,K18555
ciprofloxacin_K18591,3,Strong,ciprofloxacin,K18591
ciprofloxacin_K18698,3,Strong,ciprofloxacin,K18698
ciprofloxacin_K18780,2,Moderate,ciprofloxacin,K18780
ciprofloxacin_K18898,3,Strong,ciprofloxacin,K18898
ciprofloxacin_K18899,3,Strong,ciprofloxacin,K18899
ciprofloxacin_K18902,3,Strong,ciprofloxacin,K18902
ciprofloxacin_K18903,3,Strong,ciprofloxacin,K18903
ciprofloxacin_K18908,3,Strong,ciprofloxacin,K18908
ciprofloxacin_K18975,3,Strong,ciprofloxacin,K18975
ciprofloxacin_K19271,-1,Evidence,ciprofloxacin,K19271
ciprofloxacin_K19299,1,Weak,ciprofloxacin,K19299
ciprofloxacin_K19576,3,Strong,ciprofloxacin,K19576
ciprofloxacin_K19585,3,Strong,ciprofloxacin,K19585
ciprofloxacin_K19586,3,Strong,ciprofloxacin,K19586
ciprofloxacin_K19593,3,Strong,ciprofloxacin,K19593
ciprofloxacin_K19594,2,Moderate,ciprofloxacin,K19594
ciprofloxacin_K20320,-1,Evidence,ciprofloxacin,K20320
ciprofloxacin_K21134,3,Strong,ciprofloxacin,K21134
ciprofloxacin_K21135,3,Strong,ciprofloxacin,K21135
clindamycin_K00561,3,Strong,clindamycin,K00561
clindamycin_K03327,2,Moderate,clindamycin,K03327
clindamycin_K03395,2,Moderate,clindamycin,K03395
clindamycin_K03543,1,Weak,clindamycin,K03543
clindamycin_K03585,3,Strong,clindamycin,K03585
clindamycin_K06159,2,Moderate,clindamycin,K06159
clindamycin_K06880,2,Moderate,clindamycin,K06880
clindamycin_K06979,3,Strong,clindamycin,K06979
clindamycin_K07552,2,Moderate,clindamycin,K07552
clindamycin_K07664,2,Moderate,clindamycin,K07664
clindamycin_K07789,2,Moderate,clindamycin,K07789
clindamycin_K08170,2,Moderate,clindamycin,K08170
clindamycin_K09476,2,Moderate,clindamycin,K09476
clindamycin_K12340,2,Moderate,clindamycin,K12340
clindamycin_K13632,2,Moderate,clindamycin,K13632
clindamycin_K15549,3,Strong,clindamycin,K15549
clindamycin_K15550,2,Moderate,clindamycin,K15550
clindamycin_K18129,3,Strong,clindamycin,K18129
clindamycin_K18130,-1,Evidence,clindamycin,K18130
clindamycin_K18131,3,Strong,clindamycin,K18131
clindamycin_K18138,3,Strong,clindamycin,K18138
clindamycin_K18139,3,Strong,clindamycin,K18139
clindamycin_K18141,1,Weak,clindamycin,K18141
clindamycin_K18142,2,Moderate,clindamycin,K18142
clindamycin_K18145,2,Moderate,clindamycin,K18145
clindamycin_K18147,2,Moderate,clindamycin,K18147
clindamycin_K18231,3,Strong,clindamycin,K18231
clindamycin_K18294,2,Moderate,clindamycin,K18294
clindamycin_K18295,2,Moderate,clindamycin,K18295
clindamycin_K18298,2,Moderate,clindamycin,K18298
clindamycin_K18299,3,Strong,clindamycin,K18299
clindamycin_K18303,1,Weak,clindamycin,K18303
clindamycin_K18305,2,Moderate,clindamycin,K18305
clindamycin_K18306,3,Strong,clindamycin,K18306
clindamycin_K18307,3,Strong,clindamycin,K18307
clindamycin_K18308,1,Weak,clindamycin,K18308
clindamycin_K18552,2,Moderate,clindamycin,K18552
clindamycin_K18590,2,Moderate,clindamycin,K18590
clindamycin_K18794,3,Strong,clindamycin,K18794
clindamycin_K18795,3,Strong,clindamycin,K18795
clindamycin_K18816,-1,Evidence,clindamycin,K18816
clindamycin_K18845,2,Moderate,clindamycin,K18845
clindamycin_K18899,1,Weak,clindamycin,K18899
clindamycin_K18901,2,Moderate,clindamycin,K18901
clindamycin_K18902,2,Moderate,clindamycin,K18902
clindamycin_K18903,2,Moderate,clindamycin,K18903
clindamycin_K18908,1,Weak,clindamycin,K18908
clindamycin_K18975,3,Strong,clindamycin,K18975
clindamycin_K19061,2,Moderate,clindamycin,K19061
clindamycin_K19585,2,Moderate,clindamycin,K19585
clindamycin_K19586,2,Moderate,clindamycin,K19586
clindamycin_K19594,2,Moderate,clindamycin,K19594
clindamycin_K19595,2,Moderate,clindamycin,K19595
clindamycin_K19643,-1,Evidence,clindamycin,K19643
clindamycin_K19645,3,Strong,clindamycin,K19645
clindamycin_K21134,2,Moderate,clindamycin,K21134
clindamycin_K21137,3,Strong,clindamycin,K21137
doripenem_K00687,2,Moderate,doripenem,K00687
doripenem_K01467,2,Moderate,doripenem,K01467
doripenem_K02469,2,Moderate,doripenem,K02469
doripenem_K02470,2,Moderate,doripenem,K02470
doripenem_K02547,2,Moderate,doripenem,K02547
doripenem_K03043,2,Moderate,doripenem,K03043
doripenem_K03446,3,Strong,doripenem,K03446
doripenem_K03577,2,Moderate,doripenem,K03577
doripenem_K03585,1,Weak,doripenem,K03585
doripenem_K03587,3,Strong,doripenem,K03587
doripenem_K07264,2,Moderate,doripenem,K07264
doripenem_K07642,3,Strong,doripenem,K07642
doripenem_K07660,2,Moderate,doripenem,K07660
doripenem_K07664,3,Strong,doripenem,K07664
doripenem_K07788,3,Strong,doripenem,K07788
doripenem_K07789,3,Strong,doripenem,K07789
doripenem_K08161,3,Strong,doripenem,K08161
doripenem_K08162,3,Strong,doripenem,K08162
doripenem_K08170,3,Strong,doripenem,K08170
doripenem_K09475,2,Moderate,doripenem,K09475
doripenem_K09476,3,Strong,doripenem,K09476
doripenem_K10012,1,Weak,doripenem,K10012
doripenem_K12340,3,Strong,doripenem,K12340
doripenem_K13632,2,Moderate,doripenem,K13632
doripenem_K15549,2,Moderate,doripenem,K15549
doripenem_K15550,2,Moderate,doripenem,K15550
doripenem_K17836,3,Strong,doripenem,K17836
doripenem_K18072,2,Moderate,doripenem,K18072
doripenem_K18073,1,Weak,doripenem,K18073
doripenem_K18093,3,Strong,doripenem,K18093
doripenem_K18095,3,Strong,doripenem,K18095
doripenem_K18130,3,Strong,doripenem,K18130
doripenem_K18131,3,Strong,doripenem,K18131
doripenem_K18135,-1,Evidence,doripenem,K18135
doripenem_K18138,2,Moderate,doripenem,K18138
doripenem_K18139,3,Strong,doripenem,K18139
doripenem_K18140,2,Moderate,doripenem,K18140
doripenem_K18141,3,Strong,doripenem,K18141
doripenem_K18145,3,Strong,doripenem,K18145
doripenem_K18295,3,Strong,doripenem,K18295
doripenem_K18299,2,Moderate,doripenem,K18299
doripenem_K18302,3,Strong,doripenem,K18302
doripenem_K18303,3,Strong,doripenem,K18303
doripenem_K18307,3,Strong,doripenem,K18307
doripenem_K18308,3,Strong,doripenem,K18308
doripenem_K18555,-1,Evidence,doripenem,K18555
doripenem_K18698,3,Strong,doripenem,K18698
doripenem_K18699,3,Strong,doripenem,K18699
doripenem_K18766,3,Strong,doripenem,K18766
doripenem_K18767,3,Strong,doripenem,K18767
doripenem_K18768,3,Strong,doripenem,K18768
doripenem_K18780,3,Strong,doripenem,K18780
doripenem_K18781,3,Strong,doripenem,K18781
doripenem_K18782,3,Strong,doripenem,K18782
doripenem_K18790,2,Moderate,doripenem,K18790
doripenem_K18791,3,Strong,doripenem,K18791
doripenem_K18793,3,Strong,doripenem,K18793
doripenem_K18794,3,Strong,doripenem,K18794
doripenem_K18795,3,Strong,doripenem,K18795
doripenem_K18796,3,Strong,doripenem,K18796
doripenem_K18797,3,Strong,doripenem,K18797
doripenem_K18892,2,Moderate,doripenem,K18892
doripenem_K18899,1,Weak,doripenem,K18899
doripenem_K18901,3,Strong,doripenem,K18901
doripenem_K18908,3,Strong,doripenem,K18908
doripenem_K18934,2,Moderate,doripenem,K18934
doripenem_K18941,3,Strong,doripenem,K18941
doripenem_K18970,3,Strong,doripenem,K18970
doripenem_K18971,3,Strong,doripenem,K18971
doripenem_K18972,3,Strong,doripenem,K18972
doripenem_K18973,3,Strong,doripenem,K18973
doripenem_K18975,3,Strong,doripenem,K18975
doripenem_K18976,3,Strong,doripenem,K18976
doripenem_K19096,3,Strong,doripenem,K19096
doripenem_K19097,3,Strong,doripenem,K19097
doripenem_K19100,2,Moderate,doripenem,K19100
doripenem_K19101,3,Strong,doripenem,K19101
doripenem_K19215,3,Strong,doripenem,K19215
doripenem_K19278,3,Strong,doripenem,K19278
doripenem_K19318,3,Strong,doripenem,K19318
doripenem_K19319,3,Strong,doripenem,K19319
doripenem_K19576,3,Strong,doripenem,K19576
doripenem_K19585,2,Moderate,doripenem,K19585
doripenem_K19593,3,Strong,doripenem,K19593
doripenem_K20319,3,Strong,doripenem,K20319
doripenem_K20320,2,Moderate,doripenem,K20320
doripenem_K21135,3,Strong,doripenem,K21135
doripenem_K21136,3,Strong,doripenem,K21136
ertapenem_K00287,2,Moderate,ertapenem,K00287
ertapenem_K00687,3,Strong,ertapenem,K00687
ertapenem_K01467,3,Strong,ertapenem,K01467
ertapenem_K02469,2,Moderate,ertapenem,K02469
ertapenem_K03327,3,Strong,ertapenem,K03327
ertapenem_K03446,3,Strong,ertapenem,K03446
ertapenem_K03585,3,Strong,ertapenem,K03585
ertapenem_K03712,3,Strong,ertapenem,K03712
ertapenem_K03760,2,Moderate,ertapenem,K03760
ertapenem_K06159,2,Moderate,ertapenem,K06159
ertapenem_K07552,2,Moderate,ertapenem,K07552
ertapenem_K07642,2,Moderate,ertapenem,K07642
ertapenem_K07662,2,Moderate,ertapenem,K07662
ertapenem_K07788,3,Strong,ertapenem,K07788
ertapenem_K07789,3,Strong,ertapenem,K07789
ertapenem_K07799,3,Strong,ertapenem,K07799
ertapenem_K08161,3,Strong,ertapenem,K08161
ertapenem_K08167,3,Strong,ertapenem,K08167
ertapenem_K08170,2,Moderate,ertapenem,K08170
ertapenem_K08217,-1,Evidence,ertapenem,K08217
ertapenem_K09475,3,Strong,ertapenem,K09475
ertapenem_K09476,3,Strong,ertapenem,K09476
ertapenem_K12340,3,Strong,ertapenem,K12340
ertapenem_K12556,3,Strong,ertapenem,K12556
ertapenem_K13632,2,Moderate,ertapenem,K13632
ertapenem_K15547,2,Moderate,ertapenem,K15547
ertapenem_K15549,3,Strong,ertapenem,K15549
ertapenem_K15550,2,Moderate,ertapenem,K15550
ertapenem_K17836,3,Strong,ertapenem,K17836
ertapenem_K18073,3,Strong,ertapenem,K18073
ertapenem_K18093,3,Strong,ertapenem,K18093
ertapenem_K18095,3,Strong,ertapenem,K18095
ertapenem_K18129,2,Moderate,ertapenem,K18129
ertapenem_K18130,3,Strong,ertapenem,K18130
ertapenem_K18131,2,Moderate,ertapenem,K18131
ertapenem_K18135,2,Moderate,ertapenem,K18135
ertapenem_K18138,3,Strong,ertapenem,K18138
ertapenem_K18139,3,Strong,ertapenem,K18139
ertapenem_K18140,3,Strong,ertapenem,K18140
ertapenem_K18141,2,Moderate,ertapenem,K18141
ertapenem_K18142,3,Strong,ertapenem,K18142
ertapenem_K18144,3,Strong,ertapenem,K18144
ertapenem_K18145,3,Strong,ertapenem,K18145
ertapenem_K18147,2,Moderate,ertapenem,K18147
ertapenem_K18150,3,Strong,ertapenem,K18150
ertapenem_K18294,2,Moderate,ertapenem,K18294
ertapenem_K18297,3,Strong,ertapenem,K18297
ertapenem_K18298,3,Strong,ertapenem,K18298
ertapenem_K18299,2,Moderate,ertapenem,K18299
ertapenem_K18300,2,Moderate,ertapenem,K18300
ertapenem_K18301,3,Strong,ertapenem,K18301
ertapenem_K18305,3,Strong,ertapenem,K18305
ertapenem_K18306,3,Strong,ertapenem,K18306
ertapenem_K18307,3,Strong,ertapenem,K18307
ertapenem_K18308,3,Strong,ertapenem,K18308
ertapenem_K18589,2,Moderate,ertapenem,K18589
ertapenem_K18698,3,Strong,ertapenem,K18698
ertapenem_K18766,3,Strong,ertapenem,K18766
ertapenem_K18767,2,Moderate,ertapenem,K18767
ertapenem_K18768,3,Strong,ertapenem,K18768
ertapenem_K18780,3,Strong,ertapenem,K18780
ertapenem_K18781,3,Strong,ertapenem,K18781
ertapenem_K18782,3,Strong,ertapenem,K18782
ertapenem_K18790,3,Strong,ertapenem,K18790
ertapenem_K18791,3,Strong,ertapenem,K18791
ertapenem_K18792,3,Strong,ertapenem,K18792
ertapenem_K18793,3,Strong,ertapenem,K18793
ertapenem_K18794,3,Strong,ertapenem,K18794
ertapenem_K18795,3,Strong,ertapenem,K18795
ertapenem_K18796,3,Strong,ertapenem,K18796
ertapenem_K18797,3,Strong,ertapenem,K18797
ertapenem_K18898,3,Strong,ertapenem,K18898
ertapenem_K18899,2,Moderate,ertapenem,K18899
ertapenem_K18901,2,Moderate,ertapenem,K18901
ertapenem_K18902,2,Moderate,ertapenem,K18902
ertapenem_K18908,2,Moderate,ertapenem,K18908
ertapenem_K18909,3,Strong,ertapenem,K18909
ertapenem_K18934,2,Moderate,ertapenem,K18934
ertapenem_K18970,3,Strong,ertapenem,K18970
ertapenem_K18971,3,Strong,ertapenem,K18971
ertapenem_K18972,3,Strong,ertapenem,K18972
ertapenem_K18973,3,Strong,ertapenem,K18973
ertapenem_K18976,3,Strong,ertapenem,K18976
ertapenem_K19096,3,Strong,ertapenem,K19096
ertapenem_K19097,3,Strong,ertapenem,K19097
ertapenem_K19100,3,Strong,ertapenem,K19100
ertapenem_K19101,3,Strong,ertapenem,K19101
ertapenem_K19215,3,Strong,ertapenem,K19215
ertapenem_K19218,3,Strong,ertapenem,K19218
ertapenem_K19318,3,Strong,ertapenem,K19318
ertapenem_K19319,3,Strong,ertapenem,K19319
ertapenem_K19585,2,Moderate,ertapenem,K19585
ertapenem_K19586,3,Strong,ertapenem,K19586
ertapenem_K19644,2,Moderate,ertapenem,K19644
ertapenem_K20319,3,Strong,ertapenem,K20319
erythromycin_K00561,3,Strong,erythromycin,K00561
erythromycin_K00563,3,Strong,erythromycin,K00563
erythromycin_K00984,3,Strong,erythromycin,K00984
erythromycin_K03043,2,Moderate,erythromycin,K03043
erythromycin_K03297,3,Strong,erythromycin,K03297
erythromycin_K03327,3,Strong,erythromycin,K03327
erythromycin_K03395,-1,Evidence,erythromycin,K03395
erythromycin_K03446,3,Strong,erythromycin,K03446
erythromycin_K03543,3,Strong,erythromycin,K03543
erythromycin_K03585,2,Moderate,erythromycin,K03585
erythromycin_K03712,3,Strong,erythromycin,K03712
erythromycin_K04343,3,Strong,erythromycin,K04343
erythromycin_K06159,3,Strong,erythromycin,K06159
erythromycin_K06880,3,Strong,erythromycin,K06880
erythromycin_K06979,3,Strong,erythromycin,K06979
erythromycin_K07552,3,Strong,erythromycin,K07552
erythromycin_K07640,1,Weak,erythromycin,K07640
erythromycin_K07788,3,Strong,erythromycin,K07788
erythromycin_K07789,1,Weak,erythromycin,K07789
erythromycin_K07799,3,Strong,erythromycin,K07799
erythromycin_K08161,2,Moderate,erythromycin,K08161
erythromycin_K08162,3,Strong,erythromycin,K08162
erythromycin_K08167,2,Moderate,erythromycin,K08167
erythromycin_K08170,3,Strong,erythromycin,K08170
erythromycin_K08217,3,Strong,erythromycin,K08217
erythromycin_K09476,2,Moderate,erythromycin,K09476
erythromycin_K12340,3,Strong,erythromycin,K12340
erythromycin_K12975,1,Weak,erythromycin,K12975
erythromycin_K15549,2,Moderate,erythromycin,K15549
erythromycin_K15550,2,Moderate,erythromycin,K15550
erythromycin_K15974,-1,Evidence,erythromycin,K15974
erythromycin_K18095,2,Moderate,erythromycin,K18095
erythromycin_K18129,3,Strong,erythromycin,K18129
erythromycin_K18130,3,Strong,erythromycin,K18130
erythromycin_K18138,2,Moderate,erythromycin,K18138
erythromycin_K18139,3,Strong,erythromycin,K18139
erythromycin_K18140,2,Moderate,erythromycin,K18140
erythromycin_K18141,2,Moderate,erythromycin,K18141
erythromycin_K18142,2,Moderate,erythromycin,K18142
erythromycin_K18145,3,Strong,erythromycin,K18145
erythromycin_K18220,3,Strong,erythromycin,K18220
erythromycin_K18231,3,Strong,erythromycin,K18231
erythromycin_K18294,2,Moderate,erythromycin,K18294
erythromycin_K18295,3,Strong,erythromycin,K18295
erythromycin_K18297,2,Moderate,erythromycin,K18297
erythromycin_K18298,1,Weak,erythromycin,K18298
erythromycin_K18299,3,Strong,erythromycin,K18299
erythromycin_K18300,3,Strong,erythromycin,K18300
erythromycin_K18301,2,Moderate,erythromycin,K18301
erythromycin_K18303,3,Strong,erythromycin,K18303
erythromycin_K18306,2,Moderate,erythromycin,K18306
erythromycin_K18307,3,Strong,erythromycin,K18307
erythromycin_K18308,3,Strong,erythromycin,K18308
erythromycin_K18324,2,Moderate,erythromycin,K18324
erythromycin_K18553,3,Strong,erythromycin,K18553
erythromycin_K18590,3,Strong,erythromycin,K18590
erythromycin_K18591,3,Strong,erythromycin,K18591
erythromycin_K18767,-1,Evidence,erythromycin,K18767
erythromycin_K18790,3,Strong,erythromycin,K18790
erythromycin_K18891,3,Strong,erythromycin,K18891
erythromycin_K18892,3,Strong,erythromycin,K18892
erythromycin_K18898,3,Strong,erythromycin,K18898
erythromycin_K18899,2,Moderate,erythromycin,K18899
erythromycin_K18901,1,Weak,erythromycin,K18901
erythromycin_K18902,3,Strong,erythromycin,K18902
erythromycin_K18906,3,Strong,erythromycin,K18906
erythromycin_K18908,2,Moderate,erythromycin,K18908
erythromycin_K18935,3,Strong,erythromycin,K18935
erythromycin_K18941,2,Moderate,erythromycin,K18941
erythromycin_K18970,2,Moderate,erythromycin,K18970
erythromycin_K18975,2,Moderate,erythromycin,K18975
erythromycin_K19061,3,Strong,erythromycin,K19061
erythromycin_K19097,3,Strong,erythromycin,K19097
erythromycin_K19215,3,Strong,erythromycin,K19215
erythromycin_K19218,3,Strong,erythromycin,K19218
erythromycin_K19271,2,Moderate,erythromycin,K19271
erythromycin_K19274,3,Strong,erythromycin,K19274
erythromycin_K19275,3,Strong,erythromycin,K19275
erythromycin_K19277,3,Strong,erythromycin,K19277
erythromycin_K19300,-1,Evidence,erythromycin,K19300
erythromycin_K19315,3,Strong,erythromycin,K19315
erythromycin_K19576,3,Strong,erythromycin,K19576
erythromycin_K19585,3,Strong,erythromycin,K19585
erythromycin_K19586,3,Strong,erythromycin,K19586
erythromycin_K19593,3,Strong,erythromycin,K19593
erythromycin_K19644,-1,Evidence,erythromycin,K19644
erythromycin_K19645,3,Strong,erythromycin,K19645
erythromycin_K21133,3,Strong,erythromycin,K21133
erythromycin_K21134,2,Moderate,erythromycin,K21134
erythromycin_K21135,3,Strong,erythromycin,K21135
erythromycin_K21136,3,Strong,erythromycin,K21136
erythromycin_K21137,2,Moderate,erythromycin,K21137
erythromycin_K21253,-1,Evidence,erythromycin,K21253
erythromycin_K21265,3,Strong,erythromycin,K21265
gentamicin_K00287,3,Strong,gentamicin,K00287
gentamicin_K00663,3,Strong,gentamicin,K00663
gentamicin_K00796,-1,Evidence,gentamicin,K00796
gentamicin_K00984,3,Strong,gentamicin,K00984
gentamicin_K02547,2,Moderate,gentamicin,K02547
gentamicin_K03046,2,Moderate,gentamicin,K03046
gentamicin_K03297,2,Moderate,gentamicin,K03297
gentamicin_K03327,2,Moderate,gentamicin,K03327
gentamicin_K03395,3,Strong,gentamicin,K03395
gentamicin_K03543,3,Strong,gentamicin,K03543
gentamicin_K03577,2,Moderate,gentamicin,K03577
gentamicin_K03585,3,Strong,gentamicin,K03585
gentamicin_K03587,2,Moderate,gentamicin,K03587
gentamicin_K03712,2,Moderate,gentamicin,K03712
gentamicin_K07788,2,Moderate,gentamicin,K07788
gentamicin_K07789,3,Strong,gentamicin,K07789
gentamicin_K07799,3,Strong,gentamicin,K07799
gentamicin_K08162,2,Moderate,gentamicin,K08162
gentamicin_K08168,3,Strong,gentamicin,K08168
gentamicin_K08170,3,Strong,gentamicin,K08170
gentamicin_K12340,3,Strong,gentamicin,K12340
gentamicin_K15547,2,Moderate,gentamicin,K15547
gentamicin_K15974,2,Moderate,gentamicin,K15974
gentamicin_K18093,3,Strong,gentamicin,K18093
gentamicin_K18095,2,Moderate,gentamicin,K18095
gentamicin_K18129,3,Strong,gentamicin,K18129
gentamicin_K18130,3,Strong,gentamicin,K18130
gentamicin_K18131,3,Strong,gentamicin,K18131
gentamicin_K18135,2,Moderate,gentamicin,K18135
gentamicin_K18138,3,Strong,gentamicin,K18138
gentamicin_K18139,3,Strong,gentamicin,K18139
gentamicin_K18142,2,Moderate,gentamicin,K18142
gentamicin_K18144,3,Strong,gentamicin,K18144
gentamicin_K18145,3,Strong,gentamicin,K18145
gentamicin_K18231,2,Moderate,gentamicin,K18231
gentamicin_K18294,3,Strong,gentamicin,K18294
gentamicin_K18295,2,Moderate,gentamicin,K18295
gentamicin_K18298,2,Moderate,gentamicin,K18298
gentamicin_K18299,2,Moderate,gentamicin,K18299
gentamicin_K18301,3,Strong,gentamicin,K18301
gentamicin_K18303,3,Strong,gentamicin,K18303
gentamicin_K18307,3,Strong,gentamicin,K18307
gentamicin_K18590,2,Moderate,gentamicin,K18590
gentamicin_K18766,-1,Evidence,gentamicin,K18766
gentamicin_K18768,3,Strong,gentamicin,K18768
gentamicin_K18782,3,Strong,gentamicin,K18782
gentamicin_K18815,3,Strong,gentamicin,K18815
gentamicin_K18816,3,Strong,gentamicin,K18816
gentamicin_K18824,2,Moderate,gentamicin,K18824
gentamicin_K18845,3,Strong,gentamicin,K18845
gentamicin_K18892,2,Moderate,gentamicin,K18892
gentamicin_K18908,3,Strong,gentamicin,K18908
gentamicin_K18941,2,Moderate,gentamicin,K18941
gentamicin_K18974,3,Strong,gentamicin,K18974
gentamicin_K19096,2,Moderate,gentamicin,K19096
gentamicin_K19215,3,Strong,gentamicin,K19215
gentamicin_K19272,3,Strong,gentamicin,K19272
gentamicin_K19274,3,Strong,gentamicin,K19274
gentamicin_K19275,3,Strong,gentamicin,K19275
gentamicin_K19276,3,Strong,gentamicin,K19276
gentamicin_K19277,3,Strong,gentamicin,K19277
gentamicin_K19278,3,Strong,gentamicin,K19278
gentamicin_K19279,3,Strong,gentamicin,K19279
gentamicin_K19300,3,Strong,gentamicin,K19300
gentamicin_K19301,3,Strong,gentamicin,K19301
gentamicin_K19315,3,Strong,gentamicin,K19315
gentamicin_K19592,3,Strong,gentamicin,K19592
gentamicin_K19593,3,Strong,gentamicin,K19593
gentamicin_K19883,3,Strong,gentamicin,K19883
gentamicin_K21133,3,Strong,gentamicin,K21133
gentamicin_K21134,2,Moderate,gentamicin,K21134
gentamicin_K21135,3,Strong,gentamicin,K21135
gentamicin_K21136,3,Strong,gentamicin,K21136
imipenem_K00563,1,Weak,imipenem,K00563
imipenem_K00638,1,Weak,imipenem,K00638
imipenem_K00687,3,Strong,imipenem,K00687
imipenem_K01467,3,Strong,imipenem,K01467
imipenem_K02546,2,Moderate,imipenem,K02546
imipenem_K02547,2,Moderate,imipenem,K02547
imipenem_K02621,2,Moderate,imipenem,K02621
imipenem_K03297,2,Moderate,imipenem,K03297
imipenem_K03446,3,Strong,imipenem,K03446
imipenem_K03543,3,Strong,imipenem,K03543
imipenem_K03577,2,Moderate,imipenem,K03577
imipenem_K03585,3,Strong,imipenem,K03585
imipenem_K03587,3,Strong,imipenem,K03587
imipenem_K03760,2,Moderate,imipenem,K03760
imipenem_K06159,2,Moderate,imipenem,K06159
imipenem_K07552,2,Moderate,imipenem,K07552
imipenem_K07642,2,Moderate,imipenem,K07642
imipenem_K07660,2,Moderate,imipenem,K07660
imipenem_K07788,3,Strong,imipenem,K07788
imipenem_K07789,3,Strong,imipenem,K07789
imipenem_K07799,1,Weak,imipenem,K07799
imipenem_K08161,3,Strong,imipenem,K08161
imipenem_K08167,2,Moderate,imipenem,K08167
imipenem_K09475,3,Strong,imipenem,K09475
imipenem_K09476,3,Strong,imipenem,K09476
imipenem_K10011,2,Moderate,imipenem,K10011
imipenem_K12340,3,Strong,imipenem,K12340
imipenem_K12556,3,Strong,imipenem,K12556
imipenem_K13632,3,Strong,imipenem,K13632
imipenem_K15549,3,Strong,imipenem,K15549
imipenem_K15550,2,Moderate,imipenem,K15550
imipenem_K17836,3,Strong,imipenem,K17836
imipenem_K18072,3,Strong,imipenem,K18072
imipenem_K18073,3,Strong,imipenem,K18073
imipenem_K18093,3,Strong,imipenem,K18093
imipenem_K18095,3,Strong,imipenem,K18095
imipenem_K18129,3,Strong,imipenem,K18129
imipenem_K18130,3,Strong,imipenem,K18130
imipenem_K18131,3,Strong,imipenem,K18131
imipenem_K18135,3,Strong,imipenem,K18135
imipenem_K18138,3,Strong,imipenem,K18138
imipenem_K18139,3,Strong,imipenem,K18139
imipenem_K18140,2,Moderate,imipenem,K18140
imipenem_K18141,2,Moderate,imipenem,K18141
imipenem_K18144,3,Strong,imipenem,K18144
imipenem_K18145,3,Strong,imipenem,K18145
imipenem_K18147,3,Strong,imipenem,K18147
imipenem_K18150,3,Strong,imipenem,K18150
imipenem_K18295,3,Strong,imipenem,K18295
imipenem_K18297,3,Strong,imipenem,K18297
imipenem_K18298,2,Moderate,imipenem,K18298
imipenem_K18299,2,Moderate,imipenem,K18299
imipenem_K18300,3,Strong,imipenem,K18300
imipenem_K18301,2,Moderate,imipenem,K18301
imipenem_K18302,3,Strong,imipenem,K18302
imipenem_K18306,3,Strong,imipenem,K18306
imipenem_K18308,3,Strong,imipenem,K18308
imipenem_K18476,-1,Evidence,imipenem,K18476
imipenem_K18698,2,Moderate,imipenem,K18698
imipenem_K18699,3,Strong,imipenem,K18699
imipenem_K18766,2,Moderate,imipenem,K18766
imipenem_K18767,3,Strong,imipenem,K18767
imipenem_K18768,3,Strong,imipenem,K18768
imipenem_K18780,3,Strong,imipenem,K18780
imipenem_K18781,3,Strong,imipenem,K18781
imipenem_K18782,3,Strong,imipenem,K18782
imipenem_K18790,2,Moderate,imipenem,K18790
imipenem_K18791,3,Strong,imipenem,K18791
imipenem_K18792,3,Strong,imipenem,K18792
imipenem_K18793,3,Strong,imipenem,K18793
imipenem_K18794,3,Strong,imipenem,K18794
imipenem_K18795,3,Strong,imipenem,K18795
imipenem_K18796,3,Strong,imipenem,K18796
imipenem_K18797,3,Strong,imipenem,K18797
imipenem_K18891,3,Strong,imipenem,K18891
imipenem_K18892,3,Strong,imipenem,K18892
imipenem_K18898,3,Strong,imipenem,K18898
imipenem_K18899,3,Strong,imipenem,K18899
imipenem_K18902,3,Strong,imipenem,K18902
imipenem_K18903,3,Strong,imipenem,K18903
imipenem_K18908,3,Strong,imipenem,K18908
imipenem_K18909,2,Moderate,imipenem,K18909
imipenem_K18970,3,Strong,imipenem,K18970
imipenem_K18971,3,Strong,imipenem,K18971
imipenem_K18972,3,Strong,imipenem,K18972
imipenem_K18973,3,Strong,imipenem,K18973
imipenem_K18976,3,Strong,imipenem,K18976
imipenem_K19096,3,Strong,imipenem,K19096
imipenem_K19100,3,Strong,imipenem,K19100
imipenem_K19101,3,Strong,imipenem,K19101
imipenem_K19215,3,Strong,imipenem,K19215
imipenem_K19218,3,Strong,imipenem,K19218
imipenem_K19275,3,Strong,imipenem,K19275
imipenem_K19277,-1,Evidence,imipenem,K19277
imipenem_K19318,3,Strong,imipenem,K19318
imipenem_K19319,3,Strong,imipenem,K19319
imipenem_K19586,3,Strong,imipenem,K19586
imipenem_K19593,3,Strong,imipenem,K19593
imipenem_K19594,2,Moderate,imipenem,K19594
imipenem_K19595,2,Moderate,imipenem,K19595
imipenem_K19644,-1,Evidence,imipenem,K19644
imipenem_K20319,3,Strong,imipenem,K20319
imipenem_K20320,3,Strong,imipenem,K20320
imipenem_K21135,3,Strong,imipenem,K21135
imipenem_K21136,2,Moderate,imipenem,K21136
kanamycin_K00287,-1,Evidence,kanamycin,K00287
kanamycin_K00663,3,Strong,kanamycin,K00663
kanamycin_K00984,3,Strong,kanamycin,K00984
kanamycin_K01870,3,Strong,kanamycin,K01870
kanamycin_K02470,2,Moderate,kanamycin,K02470
kanamycin_K02546,-1,Evidence,kanamycin,K02546
kanamycin_K02621,1,Weak,kanamycin,K02621
kanamycin_K03327,3,Strong,kanamycin,K03327
kanamycin_K03395,3,Strong,kanamycin,K03395
kanamycin_K03446,2,Moderate,kanamycin,K03446
kanamycin_K03543,2,Moderate,kanamycin,K03543
kanamycin_K03585,3,Strong,kanamycin,K03585
kanamycin_K03712,2,Moderate,kanamycin,K03712
kanamycin_K05804,2,Moderate,kanamycin,K05804
kanamycin_K07552,2,Moderate,kanamycin,K07552
kanamycin_K07660,-1,Evidence,kanamycin,K07660
kanamycin_K07662,2,Moderate,kanamycin,K07662
kanamycin_K07788,3,Strong,kanamycin,K07788
kanamycin_K07789,3,Strong,kanamycin,K07789
kanamycin_K07799,3,Strong,kanamycin,K07799
kanamycin_K08161,2,Moderate,kanamycin,K08161
kanamycin_K08162,2,Moderate,kanamycin,K08162
kanamycin_K08167,3,Strong,kanamycin,K08167
kanamycin_K08170,2,Moderate,kanamycin,K08170
kanamycin_K08217,3,Strong,kanamycin,K08217
kanamycin_K09475,2,Moderate,kanamycin,K09475
kanamycin_K10673,3,Strong,kanamycin,K10673
kanamycin_K12556,3,Strong,kanamycin,K12556
kanamycin_K15547,2,Moderate,kanamycin,K15547
kanamycin_K15549,2,Moderate,kanamycin,K15549
kanamycin_K15974,2,Moderate,kanamycin,K15974
kanamycin_K17881,3,Strong,kanamycin,K17881
kanamycin_K18095,2,Moderate,kanamycin,K18095
kanamycin_K18131,3,Strong,kanamycin,K18131
kanamycin_K18138,2,Moderate,kanamycin,K18138
kanamycin_K18139,2,Moderate,kanamycin,K18139
kanamycin_K18140,2,Moderate,kanamycin,K18140
kanamycin_K18141,1,Weak,kanamycin,K18141
kanamycin_K18142,3,Strong,kanamycin,K18142
kanamycin_K18147,2,Moderate,kanamycin,K18147
kanamycin_K18220,3,Strong,kanamycin,K18220
kanamycin_K18295,2,Moderate,kanamycin,K18295
kanamycin_K18297,2,Moderate,kanamycin,K18297
kanamycin_K18298,2,Moderate,kanamycin,K18298
kanamycin_K18299,3,Strong,kanamycin,K18299
kanamycin_K18300,3,Strong,kanamycin,K18300
kanamycin_K18303,2,Moderate,kanamycin,K18303
kanamycin_K18305,2,Moderate,kanamycin,K18305
kanamycin_K18306,2,Moderate,kanamycin,K18306
kanamycin_K18767,3,Strong,kanamycin,K18767
kanamycin_K18792,3,Strong,kanamycin,K18792
kanamycin_K18795,3,Strong,kanamycin,K18795
kanamycin_K18796,3,Strong,kanamycin,K18796
kanamycin_K18815,3,Strong,kanamycin,K18815
kanamycin_K18816,3,Strong,kanamycin,K18816
kanamycin_K18845,3,Strong,kanamycin,K18845
kanamycin_K18891,3,Strong,kanamycin,K18891
kanamycin_K18892,3,Strong,kanamycin,K18892
kanamycin_K18898,3,Strong,kanamycin,K18898
kanamycin_K18899,2,Moderate,kanamycin,K18899
kanamycin_K18902,2,Moderate,kanamycin,K18902
kanamycin_K18903,2,Moderate,kanamycin,K18903
kanamycin_K18908,2,Moderate,kanamycin,K18908
kanamycin_K18909,2,Moderate,kanamycin,K18909
kanamycin_K18970,3,Strong,kanamycin,K18970
kanamycin_K18973,3,Strong,kanamycin,K18973
kanamycin_K18974,3,Strong,kanamycin,K18974
kanamycin_K18975,3,Strong,kanamycin,K18975
kanamycin_K19097,3,Strong,kanamycin,K19097
kanamycin_K19272,3,Strong,kanamycin,K19272
kanamycin_K19274,3,Strong,kanamycin,K19274
kanamycin_K19275,3,Strong,kanamycin,K19275
kanamycin_K19276,3,Strong,kanamycin,K19276
kanamycin_K19277,3,Strong,kanamycin,K19277
kanamycin_K19278,3,Strong,kanamycin,K19278
kanamycin_K19279,3,Strong,kanamycin,K19279
kanamycin_K19299,3,Strong,kanamycin,K19299
kanamycin_K19300,3,Strong,kanamycin,K19300
kanamycin_K19301,3,Strong,kanamycin,K19301
kanamycin_K19315,3,Strong,kanamycin,K19315
kanamycin_K19585,3,Strong,kanamycin,K19585
kanamycin_K19586,2,Moderate,kanamycin,K19586
kanamycin_K19593,3,Strong,kanamycin,K19593
kanamycin_K19594,2,Moderate,kanamycin,K19594
kanamycin_K19595,2,Moderate,kanamycin,K19595
kanamycin_K19643,3,Strong,kanamycin,K19643
kanamycin_K19645,-1,Evidence,kanamycin,K19645
kanamycin_K19883,3,Strong,kanamycin,K19883
kanamycin_K21133,-1,Evidence,kanamycin,K21133
kanamycin_K21134,2,Moderate,kanamycin,K21134
kanamycin_K21135,3,Strong,kanamycin,K21135
kanamycin_K21136,2,Moderate,kanamycin,K21136
levofloxacin_K00663,3,Strong,levofloxacin,K00663
levofloxacin_K00687,2,Moderate,levofloxacin,K00687
levofloxacin_K02469,3,Strong,levofloxacin,K02469
levofloxacin_K02470,3,Strong,levofloxacin,K02470
levofloxacin_K02621,3,Strong,levofloxacin,K02621
levofloxacin_K02622,3,Strong,levofloxacin,K02622
levofloxacin_K03043,2,Moderate,levofloxacin,K03043
levofloxacin_K03297,3,Strong,levofloxacin,K03297
levofloxacin_K03327,2,Moderate,levofloxacin,K03327
levofloxacin_K03395,-1,Evidence,levofloxacin,K03395
levofloxacin_K03446,2,Moderate,levofloxacin,K03446
levofloxacin_K03543,2,Moderate,levofloxacin,K03543
levofloxacin_K03585,3,Strong,levofloxacin,K03585
levofloxacin_K03587,2,Moderate,levofloxacin,K03587
levofloxacin_K05804,2,Moderate,levofloxacin,K05804
levofloxacin_K06159,2,Moderate,levofloxacin,K06159
levofloxacin_K07788,3,Strong,levofloxacin,K07788
levofloxacin_K07789,3,Strong,levofloxacin,K07789
levofloxacin_K07799,3,Strong,levofloxacin,K07799
levofloxacin_K08161,3,Strong,levofloxacin,K08161
levofloxacin_K08167,3,Strong,levofloxacin,K08167
levofloxacin_K08170,3,Strong,levofloxacin,K08170
levofloxacin_K12340,3,Strong,levofloxacin,K12340
levofloxacin_K12556,2,Moderate,levofloxacin,K12556
levofloxacin_K13631,3,Strong,levofloxacin,K13631
levofloxacin_K15547,2,Moderate,levofloxacin,K15547
levofloxacin_K15549,3,Strong,levofloxacin,K15549
levofloxacin_K15550,2,Moderate,levofloxacin,K15550
levofloxacin_K18093,3,Strong,levofloxacin,K18093
levofloxacin_K18095,3,Strong,levofloxacin,K18095
levofloxacin_K18129,3,Strong,levofloxacin,K18129
levofloxacin_K18131,3,Strong,levofloxacin,K18131
levofloxacin_K18135,3,Strong,levofloxacin,K18135
levofloxacin_K18138,3,Strong,levofloxacin,K18138
levofloxacin_K18139,3,Strong,levofloxacin,K18139
levofloxacin_K18141,3,Strong,levofloxacin,K18141
levofloxacin_K18142,2,Moderate,levofloxacin,K18142
levofloxacin_K18144,3,Strong,levofloxacin,K18144
levofloxacin_K18147,2,Moderate,levofloxacin,K18147
levofloxacin_K18231,2,Moderate,levofloxacin,K18231
levofloxacin_K18294,3,Strong,levofloxacin,K18294
levofloxacin_K18295,3,Strong,levofloxacin,K18295
levofloxacin_K18298,3,Strong,levofloxacin,K18298
levofloxacin_K18299,3,Strong,levofloxacin,K18299
levofloxacin_K18300,3,Strong,levofloxacin,K18300
levofloxacin_K18302,1,Weak,levofloxacin,K18302
levofloxacin_K18303,3,Strong,levofloxacin,K18303
levofloxacin_K18305,2,Moderate,levofloxacin,K18305
levofloxacin_K18306,3,Strong,levofloxacin,K18306
levofloxacin_K18308,3,Strong,levofloxacin,K18308
levofloxacin_K18324,3,Strong,levofloxacin,K18324
levofloxacin_K18555,3,Strong,levofloxacin,K18555
levofloxacin_K18792,2,Moderate,levofloxacin,K18792
levofloxacin_K18815,3,Strong,levofloxacin,K18815
levofloxacin_K18898,3,Strong,levofloxacin,K18898
levofloxacin_K18899,3,Strong,levofloxacin,K18899
levofloxacin_K18901,3,Strong,levofloxacin,K18901
levofloxacin_K18902,3,Strong,levofloxacin,K18902
levofloxacin_K18906,2,Moderate,levofloxacin,K18906
levofloxacin_K18909,3,Strong,levofloxacin,K18909
levofloxacin_K18975,2,Moderate,levofloxacin,K18975
levofloxacin_K18976,3,Strong,levofloxacin,K18976
levofloxacin_K19215,1,Weak,levofloxacin,K19215
levofloxacin_K19272,-1,Evidence,levofloxacin,K19272
levofloxacin_K19276,-1,Evidence,levofloxacin,K19276
levofloxacin_K19576,3,Strong,levofloxacin,K19576
levofloxacin_K19585,3,Strong,levofloxacin,K19585
levofloxacin_K19586,3,Strong,levofloxacin,K19586
levofloxacin_K19593,3,Strong,levofloxacin,K19593
levofloxacin_K19594,3,Strong,levofloxacin,K19594
levofloxacin_K19595,3,Strong,levofloxacin,K19595
levofloxacin_K21134,2,Moderate,levofloxacin,K21134
levofloxacin_K21135,2,Moderate,levofloxacin,K21135
levofloxacin_K21136,2,Moderate,levofloxacin,K21136
levofloxacin_K21137,3,Strong,levofloxacin,K21137
meropenem_K00663,3,Strong,meropenem,K00663
meropenem_K00687,3,Strong,meropenem,K00687
meropenem_K00984,2,Moderate,meropenem,K00984
meropenem_K01467,3,Strong,meropenem,K01467
meropenem_K02621,1,Weak,meropenem,K02621
meropenem_K02622,2,Moderate,meropenem,K02622
meropenem_K03043,2,Moderate,meropenem,K03043
meropenem_K03297,2,Moderate,meropenem,K03297
meropenem_K03543,3,Strong,meropenem,K03543
meropenem_K03577,2,Moderate,meropenem,K03577
meropenem_K03585,3,Strong,meropenem,K03585
meropenem_K03587,2,Moderate,meropenem,K03587
meropenem_K03760,2,Moderate,meropenem,K03760
meropenem_K06153,2,Moderate,meropenem,K06153
meropenem_K07552,3,Strong,meropenem,K07552
meropenem_K07640,3,Strong,meropenem,K07640
meropenem_K07788,2,Moderate,meropenem,K07788
meropenem_K07789,3,Strong,meropenem,K07789
meropenem_K07799,2,Moderate,meropenem,K07799
meropenem_K08151,2,Moderate,meropenem,K08151
meropenem_K08161,2,Moderate,meropenem,K08161
meropenem_K08167,2,Moderate,meropenem,K08167
meropenem_K08170,3,Strong,meropenem,K08170
meropenem_K09475,3,Strong,meropenem,K09475
meropenem_K09476,3,Strong,meropenem,K09476
meropenem_K10012,1,Weak,meropenem,K10012
meropenem_K12340,3,Strong,meropenem,K12340
meropenem_K12975,2,Moderate,meropenem,K12975
meropenem_K15549,3,Strong,meropenem,K15549
meropenem_K15550,3,Strong,meropenem,K15550
meropenem_K17836,3,Strong,meropenem,K17836
meropenem_K18073,2,Moderate,meropenem,K18073
meropenem_K18093,3,Strong,meropenem,K18093
meropenem_K18095,3,Strong,meropenem,K18095
meropenem_K18129,3,Strong,meropenem,K18129
meropenem_K18130,2,Moderate,meropenem,K18130
meropenem_K18131,3,Strong,meropenem,K18131
meropenem_K18135,3,Strong,meropenem,K18135
meropenem_K18138,3,Strong,meropenem,K18138
meropenem_K18139,3,Strong,meropenem,K18139
meropenem_K18142,3,Strong,meropenem,K18142
meropenem_K18144,3,Strong,meropenem,K18144
meropenem_K18145,2,Moderate,meropenem,K18145
meropenem_K18147,3,Strong,meropenem,K18147
meropenem_K18150,2,Moderate,meropenem,K18150
meropenem_K18295,2,Moderate,meropenem,K18295
meropenem_K18297,3,Strong,meropenem,K18297
meropenem_K18298,3,Strong,meropenem,K18298
meropenem_K18299,3,Strong,meropenem,K18299
meropenem_K18300,3,Strong,meropenem,K18300
meropenem_K18301,3,Strong,meropenem,K18301
meropenem_K18302,3,Strong,meropenem,K18302
meropenem_K18303,3,Strong,meropenem,K18303
meropenem_K18305,3,Strong,meropenem,K18305
meropenem_K18307,3,Strong,meropenem,K18307
meropenem_K18552,2,Moderate,meropenem,K18552
meropenem_K18590,2,Moderate,meropenem,K18590
meropenem_K18591,-1,Evidence,meropenem,K18591
meropenem_K18698,2,Moderate,meropenem,K18698
meropenem_K18699,3,Strong,meropenem,K18699
meropenem_K18766,3,Strong,meropenem,K18766
meropenem_K18767,3,Strong,meropenem,K18767
meropenem_K18768,3,Strong,meropenem,K18768
meropenem_K18780,3,Strong,meropenem,K18780
meropenem_K18781,3,Strong,meropenem,K18781
meropenem_K18782,3,Strong,meropenem,K18782
meropenem_K18790,3,Strong,meropenem,K18790
meropenem_K18791,3,Strong,meropenem,K18791
meropenem_K18792,3,Strong,meropenem,K18792
meropenem_K18793,3,Strong,meropenem,K18793
meropenem_K18794,3,Strong,meropenem,K18794
meropenem_K18795,2,Moderate,meropenem,K18795
meropenem_K18796,3,Strong,meropenem,K18796
meropenem_K18797,3,Strong,meropenem,K18797
meropenem_K18891,3,Strong,meropenem,K18891
meropenem_K18898,3,Strong,meropenem,K18898
meropenem_K18899,2,Moderate,meropenem,K18899
meropenem_K18901,3,Strong,meropenem,K18901
meropenem_K18902,3,Strong,meropenem,K18902
meropenem_K18903,3,Strong,meropenem,K18903
meropenem_K18909,2,Moderate,meropenem,K18909
meropenem_K18970,3,Strong,meropenem,K18970
meropenem_K18971,3,Strong,meropenem,K18971
meropenem_K18972,3,Strong,meropenem,K18972
meropenem_K18973,3,Strong,meropenem,K18973
meropenem_K18976,3,Strong,meropenem,K18976
meropenem_K19096,3,Strong,meropenem,K19096
meropenem_K19097,3,Strong,meropenem,K19097
meropenem_K19100,3,Strong,meropenem,K19100
meropenem_K19101,3,Strong,meropenem,K19101
meropenem_K19215,2,Moderate,meropenem,K19215
meropenem_K19218,3,Strong,meropenem,K19218
meropenem_K19273,2,Moderate,meropenem,K19273
meropenem_K19278,3,Strong,meropenem,K19278
meropenem_K19318,3,Strong,meropenem,K19318
meropenem_K19319,3,Strong,meropenem,K19319
meropenem_K19585,2,Moderate,meropenem,K19585
meropenem_K19586,3,Strong,meropenem,K19586
meropenem_K19592,2,Moderate,meropenem,K19592
meropenem_K19593,3,Strong,meropenem,K19593
meropenem_K20319,3,Strong,meropenem,K20319
meropenem_K20320,3,Strong,meropenem,K20320
meropenem_K21133,3,Strong,meropenem,K21133
meropenem_K21134,3,Strong,meropenem,K21134
meropenem_K21135,2,Moderate,meropenem,K21135
meropenem_K21136,3,Strong,meropenem,K21136
meropenem_K21137,3,Strong,meropenem,K21137
piperacillin-tazobactam_K00563,3,Strong,piperacillin-tazobactam,K00563
piperacillin-tazobactam_K00687,3,Strong,piperacillin-tazobactam,K00687
piperacillin-tazobactam_K02547,2,Moderate,piperacillin-tazobactam,K02547
piperacillin-tazobactam_K02621,2,Moderate,piperacillin-tazobactam,K02621
piperacillin-tazobactam_K03043,2,Moderate,piperacillin-tazobactam,K03043
piperacillin-tazobactam_K03297,3,Strong,piperacillin-tazobactam,K03297
piperacillin-tazobactam_K03327,3,Strong,piperacillin-tazobactam,K03327
piperacillin-tazobactam_K03446,2,Moderate,piperacillin-tazobactam,K03446
piperacillin-tazobactam_K03543,2,Moderate,piperacillin-tazobactam,K03543
piperacillin-tazobactam_K03577,3,Strong,piperacillin-tazobactam,K03577
piperacillin-tazobactam_K03585,3,Strong,piperacillin-tazobactam,K03585
piperacillin-tazobactam_K03587,3,Strong,piperacillin-tazobactam,K03587
piperacillin-tazobactam_K03760,2,Moderate,piperacillin-tazobactam,K03760
piperacillin-tazobactam_K06159,3,Strong,piperacillin-tazobactam,K06159
piperacillin-tazobactam_K07640,2,Moderate,piperacillin-tazobactam,K07640
piperacillin-tazobactam_K07788,2,Moderate,piperacillin-tazobactam,K07788
piperacillin-tazobactam_K07789,3,Strong,piperacillin-tazobactam,K07789
piperacillin-tazobactam_K08161,3,Strong,piperacillin-tazobactam,K08161
piperacillin-tazobactam_K08167,2,Moderate,piperacillin-tazobactam,K08167
piperacillin-tazobactam_K08170,3,Strong,piperacillin-tazobactam,K08170
piperacillin-tazobactam_K09475,3,Strong,piperacillin-tazobactam,K09475
piperacillin-tazobactam_K09476,3,Strong,piperacillin-tazobactam,K09476
piperacillin-tazobactam_K11742,-1,Evidence,piperacillin-tazobactam,K11742
piperacillin-tazobactam_K12340,3,Strong,piperacillin-tazobactam,K12340
piperacillin-tazobactam_K12556,2,Moderate,piperacillin-tazobactam,K12556
piperacillin-tazobactam_K15547,2,Moderate,piperacillin-tazobactam,K15547
piperacillin-tazobactam_K15549,3,Strong,piperacillin-tazobactam,K15549
piperacillin-tazobactam_K15550,2,Moderate,piperacillin-tazobactam,K15550
piperacillin-tazobactam_K17836,3,Strong,piperacillin-tazobactam,K17836
piperacillin-tazobactam_K18072,2,Moderate,piperacillin-tazobactam,K18072
piperacillin-tazobactam_K18095,3,Strong,piperacillin-tazobactam,K18095
piperacillin-tazobactam_K18129,-1,Evidence,piperacillin-tazobactam,K18129
piperacillin-tazobactam_K18130,3,Strong,piperacillin-tazobactam,K18130
piperacillin-tazobactam_K18131,3,Strong,piperacillin-tazobactam,K18131
piperacillin-tazobactam_K18135,3,Strong,piperacillin-tazobactam,K18135
piperacillin-tazobactam_K18138,3,Strong,piperacillin-tazobactam,K18138
piperacillin-tazobactam_K18139,3,Strong,piperacillin-tazobactam,K18139
piperacillin-tazobactam_K18140,3,Strong,piperacillin-tazobactam,K18140
piperacillin-tazobactam_K18144,2,Moderate,piperacillin-tazobactam,K18144
piperacillin-tazobactam_K18145,3,Strong,piperacillin-tazobactam,K18145
piperacillin-tazobactam_K18147,3,Strong,piperacillin-tazobactam,K18147
piperacillin-tazobactam_K18150,3,Strong,piperacillin-tazobactam,K18150
piperacillin-tazobactam_K18294,3,Strong,piperacillin-tazobactam,K18294
piperacillin-tazobactam_K18295,2,Moderate,piperacillin-tazobactam,K18295
piperacillin-tazobactam_K18297,2,Moderate,piperacillin-tazobactam,K18297
piperacillin-tazobactam_K18298,3,Strong,piperacillin-tazobactam,K18298
piperacillin-tazobactam_K18299,3,Strong,piperacillin-tazobactam,K18299
piperacillin-tazobactam_K18300,2,Moderate,piperacillin-tazobactam,K18300
piperacillin-tazobactam_K18301,3,Strong,piperacillin-tazobactam,K18301
piperacillin-tazobactam_K18302,3,Strong,piperacillin-tazobactam,K18302
piperacillin-tazobactam_K18305,2,Moderate,piperacillin-tazobactam,K18305
piperacillin-tazobactam_K18553,1,Weak,piperacillin-tazobactam,K18553
piperacillin-tazobactam_K18589,2,Moderate,piperacillin-tazobactam,K18589
piperacillin-tazobactam_K18698,3,Strong,piperacillin-tazobactam,K18698
piperacillin-tazobactam_K18699,3,Strong,piperacillin-tazobactam,K18699
piperacillin-tazobactam_K18766,3,Strong,piperacillin-tazobactam,K18766
piperacillin-tazobactam_K18767,3,Strong,piperacillin-tazobactam,K18767
piperacillin-tazobactam_K18780,3,Strong,piperacillin-tazobactam,K18780
piperacillin-tazobactam_K18781,3,Strong,piperacillin-tazobactam,K18781
piperacillin-tazobactam_K18782,3,Strong,piperacillin-tazobactam,K18782
piperacillin-tazobactam_K18790,3,Strong,piperacillin-tazobactam,K18790
piperacillin-tazobactam_K18791,3,Strong,piperacillin-tazobactam,K18791
piperacillin-tazobactam_K18792,3,Strong,piperacillin-tazobactam,K18792
piperacillin-tazobactam_K18793,3,Strong,piperacillin-tazobactam,K18793
piperacillin-tazobactam_K18794,3,Strong,piperacillin-tazobactam,K18794
piperacillin-tazobactam_K18795,3,Strong,piperacillin-tazobactam,K18795
piperacillin-tazobactam_K18796,3,Strong,piperacillin-tazobactam,K18796
piperacillin-tazobactam_K18797,3,Strong,piperacillin-tazobactam,K18797
piperacillin-tazobactam_K18892,3,Strong,piperacillin-tazobactam,K18892
piperacillin-tazobactam_K18899,3,Strong,piperacillin-tazobactam,K18899
piperacillin-tazobactam_K18901,3,Strong,piperacillin-tazobactam,K18901
piperacillin-tazobactam_K18903,2,Moderate,piperacillin-tazobactam,K18903
piperacillin-tazobactam_K18908,2,Moderate,piperacillin-tazobactam,K18908
piperacillin-tazobactam_K18909,-1,Evidence,piperacillin-tazobactam,K18909
piperacillin-tazobactam_K18935,2,Moderate,piperacillin-tazobactam,K18935
piperacillin-tazobactam_K18940,2,Moderate,piperacillin-tazobactam,K18940
piperacillin-tazobactam_K18970,3,Strong,piperacillin-tazobactam,K18970
piperacillin-tazobactam_K18971,3,Strong,piperacillin-tazobactam,K18971
piperacillin-tazobactam_K18972,3,Strong,piperacillin-tazobactam,K18972
piperacillin-tazobactam_K18976,1,Weak,piperacillin-tazobactam,K18976
piperacillin-tazobactam_K19096,3,Strong,piperacillin-tazobactam,K19096
piperacillin-tazobactam_K19097,3,Strong,piperacillin-tazobactam,K19097
piperacillin-tazobactam_K19100,3,Strong,piperacillin-tazobactam,K19100
piperacillin-tazobactam_K19101,3,Strong,piperacillin-tazobactam,K19101
piperacillin-tazobactam_K19215,3,Strong,piperacillin-tazobactam,K19215
piperacillin-tazobactam_K19218,3,Strong,piperacillin-tazobactam,K19218
piperacillin-tazobactam_K19318,3,Strong,piperacillin-tazobactam,K19318
piperacillin-tazobactam_K19319,3,Strong,piperacillin-tazobactam,K19319
piperacillin-tazobactam_K19576,3,Strong,piperacillin-tazobactam,K19576
piperacillin-tazobactam_K19585,3,Strong,piperacillin-tazobactam,K19585
piperacillin-tazobactam_K19593,3,Strong,piperacillin-tazobactam,K19593
piperacillin-tazobactam_K19595,3,Strong,piperacillin-tazobactam,K19595
piperacillin-tazobactam_K19643,2,Moderate,piperacillin-tazobactam,K19643
piperacillin-tazobactam_K20319,3,Strong,piperacillin-tazobactam,K20319
piperacillin-tazobactam_K20320,3,Strong,piperacillin-tazobactam,K20320
piperacillin-tazobactam_K21135,2,Moderate,piperacillin-tazobactam,K21135
tetracycline_K00563,2,Moderate,tetracycline,K00563
tetracycline_K00663,-1,Evidence,tetracycline,K00663
tetracycline_K00984,3,Strong,tetracycline,K00984
tetracycline_K02469,2,Moderate,tetracycline,K02469
tetracycline_K02547,3,Strong,tetracycline,K02547
tetracycline_K02621,-1,Evidence,tetracycline,K02621
tetracycline_K02946,2,Moderate,tetracycline,K02946
tetracycline_K03043,2,Moderate,tetracycline,K03043
tetracycline_K03297,3,Strong,tetracycline,K03297
tetracycline_K03327,3,Strong,tetracycline,K03327
tetracycline_K03543,3,Strong,tetracycline,K03543
tetracycline_K03577,3,Strong,tetracycline,K03577
tetracycline_K03585,3,Strong,tetracycline,K03585
tetracycline_K03587,-1,Evidence,tetracycline,K03587
tetracycline_K03712,2,Moderate,tetracycline,K03712
tetracycline_K05804,2,Moderate,tetracycline,K05804
tetracycline_K06159,2,Moderate,tetracycline,K06159
tetracycline_K06880,2,Moderate,tetracycline,K06880
tetracycline_K07552,3,Strong,tetracycline,K07552
tetracycline_K07640,2,Moderate,tetracycline,K07640
tetracycline_K07788,3,Strong,tetracycline,K07788
tetracycline_K07789,3,Strong,tetracycline,K07789
tetracycline_K07799,3,Strong,tetracycline,K07799
tetracycline_K08151,3,Strong,tetracycline,K08151
tetracycline_K08161,3,Strong,tetracycline,K08161
tetracycline_K08162,3,Strong,tetracycline,K08162
tetracycline_K08168,3,Strong,tetracycline,K08168
tetracycline_K08217,2,Moderate,tetracycline,K08217
tetracycline_K09475,2,Moderate,tetracycline,K09475
tetracycline_K09476,2,Moderate,tetracycline,K09476
tetracycline_K12340,3,Strong,tetracycline,K12340
tetracycline_K13632,3,Strong,tetracycline,K13632
tetracycline_K15549,3,Strong,tetracycline,K15549
tetracycline_K15550,3,Strong,tetracycline,K15550
tetracycline_K17836,3,Strong,tetracycline,K17836
tetracycline_K18129,1,Weak,tetracycline,K18129
tetracycline_K18130,2,Moderate,tetracycline,K18130
tetracycline_K18131,3,Strong,tetracycline,K18131
tetracycline_K18135,3,Strong,tetracycline,K18135
tetracycline_K18138,3,Strong,tetracycline,K18138
tetracycline_K18139,2,Moderate,tetracycline,K18139
tetracycline_K18140,3,Strong,tetracycline,K18140
tetracycline_K18141,3,Strong,tetracycline,K18141
tetracycline_K18142,3,Strong,tetracycline,K18142
tetracycline_K18144,3,Strong,tetracycline,K18144
tetracycline_K18145,3,Strong,tetracycline,K18145
tetracycline_K18147,3,Strong,tetracycline,K18147
tetracycline_K18220,3,Strong,tetracycline,K18220
tetracycline_K18231,3,Strong,tetracycline,K18231
tetracycline_K18294,2,Moderate,tetracycline,K18294
tetracycline_K18295,3,Strong,tetracycline,K18295
tetracycline_K18297,2,Moderate,tetracycline,K18297
tetracycline_K18298,2,Moderate,tetracycline,K18298
tetracycline_K18299,3,Strong,tetracycline,K18299
tetracycline_K18300,3,Strong,tetracycline,K18300
tetracycline_K18301,2,Moderate,tetracycline,K18301
tetracycline_K18302,3,Strong,tetracycline,K18302
tetracycline_K18303,2,Moderate,tetracycline,K18303
tetracycline_K18305,2,Moderate,tetracycline,K18305
tetracycline_K18306,3,Strong,tetracycline,K18306
tetracycline_K18307,3,Strong,tetracycline,K18307
tetracycline_K18308,3,Strong,tetracycline,K18308
tetracycline_K18324,3,Strong,tetracycline,K18324
tetracycline_K18476,3,Strong,tetracycline,K18476
tetracycline_K18698,2,Moderate,tetracycline,K18698
tetracycline_K18780,2,Moderate,tetracycline,K18780
tetracycline_K18782,3,Strong,tetracycline,K18782
tetracycline_K18792,3,Strong,tetracycline,K18792
tetracycline_K18794,2,Moderate,tetracycline,K18794
tetracycline_K18817,3,Strong,tetracycline,K18817
tetracycline_K18891,3,Strong,tetracycline,K18891
tetracycline_K18892,3,Strong,tetracycline,K18892
tetracycline_K18898,3,Strong,tetracycline,K18898
tetracycline_K18899,3,Strong,tetracycline,K18899
tetracycline_K18901,3,Strong,tetracycline,K18901
tetracycline_K18902,2,Moderate,tetracycline,K18902
tetracycline_K18903,3,Strong,tetracycline,K18903
tetracycline_K18906,3,Strong,tetracycline,K18906
tetracycline_K18908,3,Strong,tetracycline,K18908
tetracycline_K18934,2,Moderate,tetracycline,K18934
tetracycline_K18935,3,Strong,tetracycline,K18935
tetracycline_K18970,3,Strong,tetracycline,K18970
tetracycline_K18973,2,Moderate,tetracycline,K18973
tetracycline_K18975,3,Strong,tetracycline,K18975
tetracycline_K19096,2,Moderate,tetracycline,K19096
tetracycline_K19097,2,Moderate,tetracycline,K19097
tetracycline_K19100,-1,Evidence,tetracycline,K19100
tetracycline_K19215,3,Strong,tetracycline,K19215
tetracycline_K19218,3,Strong,tetracycline,K19218
tetracycline_K19276,3,Strong,tetracycline,K19276
tetracycline_K19318,3,Strong,tetracycline,K19318
tetracycline_K19576,3,Strong,tetracycline,K19576
tetracycline_K19585,3,Strong,tetracycline,K19585
tetracycline_K19586,3,Strong,tetracycline,K19586
tetracycline_K19593,3,Strong,tetracycline,K19593
tetracycline_K19643,-1,Evidence,tetracycline,K19643
tetracycline_K19645,-1,Evidence,tetracycline,K19645
tetracycline_K21133,2,Moderate,tetracycline,K21133
tetracycline_K21134,2,Moderate,tetracycline,K21134
tetracycline_K21135,2,Moderate,tetracycline,K21135
tetracycline_K21136,3,Strong,tetracycline,K21136
tetracycline_K21137,3,Strong,tetracycline,K21137
tetracycline_K21288,-1,Evidence,tetracycline,K21288
tobramycin_K00663,3,Strong,tobramycin,K00663
tobramycin_K00677,2,Moderate,tobramycin,K00677
tobramycin_K00687,2,Moderate,tobramycin,K00687
tobramycin_K00984,3,Strong,tobramycin,K00984
tobramycin_K01870,3,Strong,tobramycin,K01870
tobramycin_K02469,-1,Evidence,tobramycin,K02469
tobramycin_K02470,1,Weak,tobramycin,K02470
tobramycin_K03327,3,Strong,tobramycin,K03327
tobramycin_K03395,3,Strong,tobramycin,K03395
tobramycin_K03446,2,Moderate,tobramycin,K03446
tobramycin_K03543,3,Strong,tobramycin,K03543
tobramycin_K03585,3,Strong,tobramycin,K03585
tobramycin_K03587,2,Moderate,tobramycin,K03587
tobramycin_K06880,3,Strong,tobramycin,K06880
tobramycin_K07264,2,Moderate,tobramycin,K07264
tobramycin_K07552,2,Moderate,tobramycin,K07552
tobramycin_K07642,2,Moderate,tobramycin,K07642
tobramycin_K07788,2,Moderate,tobramycin,K07788
tobramycin_K07789,3,Strong,tobramycin,K07789
tobramycin_K07799,2,Moderate,tobramycin,K07799
tobramycin_K08151,3,Strong,tobramycin,K08151
tobramycin_K08161,3,Strong,tobramycin,K08161
tobramycin_K08162,3,Strong,tobramycin,K08162
tobramycin_K08167,2,Moderate,tobramycin,K08167
tobramycin_K08217,3,Strong,tobramycin,K08217
tobramycin_K09476,2,Moderate,tobramycin,K09476
tobramycin_K10673,3,Strong,tobramycin,K10673
tobramycin_K12340,3,Strong,tobramycin,K12340
tobramycin_K13632,3,Strong,tobramycin,K13632
tobramycin_K15974,2,Moderate,tobramycin,K15974
tobramycin_K17881,3,Strong,tobramycin,K17881
tobramycin_K18095,3,Strong,tobramycin,K18095
tobramycin_K18129,3,Strong,tobramycin,K18129
tobramycin_K18131,3,Strong,tobramycin,K18131
tobramycin_K18135,3,Strong,tobramycin,K18135
tobramycin_K18138,3,Strong,tobramycin,K18138
tobramycin_K18139,3,Strong,tobramycin,K18139
tobramycin_K18141,3,Strong,tobramycin,K18141
tobramycin_K18142,3,Strong,tobramycin,K18142
tobramycin_K18145,3,Strong,tobramycin,K18145
tobramycin_K18147,3,Strong,tobramycin,K18147
tobramycin_K18294,3,Strong,tobramycin,K18294
tobramycin_K18295,3,Strong,tobramycin,K18295
tobramycin_K18297,3,Strong,tobramycin,K18297
tobramycin_K18298,3,Strong,tobramycin,K18298
tobramycin_K18299,3,Strong,tobramycin,K18299
tobramycin_K18300,3,Strong,tobramycin,K18300
tobramycin_K18302,3,Strong,tobramycin,K18302
tobramycin_K18303,3,Strong,tobramycin,K18303
tobramycin_K18305,3,Strong,tobramycin,K18305
tobramycin_K18307,3,Strong,tobramycin,K18307
tobramycin_K18476,2,Moderate,tobramycin,K18476
tobramycin_K18698,3,Strong,tobramycin,K18698
tobramycin_K18699,2,Moderate,tobramycin,K18699
tobramycin_K18780,3,Strong,tobramycin,K18780
tobramycin_K18782,3,Strong,tobramycin,K18782
tobramycin_K18815,3,Strong,tobramycin,K18815
tobramycin_K18816,3,Strong,tobramycin,K18816
tobramycin_K18845,3,Strong,tobramycin,K18845
tobramycin_K18892,2,Moderate,tobramycin,K18892
tobramycin_K18898,3,Strong,tobramycin,K18898
tobramycin_K18902,3,Strong,tobramycin,K18902
tobramycin_K18934,2,Moderate,tobramycin,K18934
tobramycin_K18972,3,Strong,tobramycin,K18972
tobramycin_K18975,3,Strong,tobramycin,K18975
tobramycin_K19215,-1,Evidence,tobramycin,K19215
tobramycin_K19272,3,Strong,tobramycin,K19272
tobramycin_K19274,3,Strong,tobramycin,K19274
tobramycin_K19275,3,Strong,tobramycin,K19275
tobramycin_K19276,3,Strong,tobramycin,K19276
tobramycin_K19277,3,Strong,tobramycin,K19277
tobramycin_K19278,3,Strong,tobramycin,K19278
tobramycin_K19299,3,Strong,tobramycin,K19299
tobramycin_K19300,3,Strong,tobramycin,K19300
tobramycin_K19301,3,Strong,tobramycin,K19301
tobramycin_K19315,3,Strong,tobramycin,K19315
tobramycin_K19586,3,Strong,tobramycin,K19586
tobramycin_K19593,3,Strong,tobramycin,K19593
tobramycin_K19594,2,Moderate,tobramycin,K19594
tobramycin_K19883,3,Strong,tobramycin,K19883
tobramycin_K21134,3,Strong,tobramycin,K21134
tobramycin_K21135,3,Strong,tobramycin,K21135
tobramycin_K21136,2,Moderate,tobramycin,K21136
trimethoprim-sulfamethoxazole_K00287,3,Strong,trimethoprim-sulfamethoxazole,K00287
trimethoprim-sulfamethoxazole_K00638,3,Strong,trimethoprim-sulfamethoxazole,K00638
trimethoprim-sulfamethoxazole_K00663,-1,Evidence,trimethoprim-sulfamethoxazole,K00663
trimethoprim-sulfamethoxazole_K00796,3,Strong,trimethoprim-sulfamethoxazole,K00796
trimethoprim-sulfamethoxazole_K02547,3,Strong,trimethoprim-sulfamethoxazole,K02547
trimethoprim-sulfamethoxazole_K02622,2,Moderate,trimethoprim-sulfamethoxazole,K02622
trimethoprim-sulfamethoxazole_K03297,3,Strong,trimethoprim-sulfamethoxazole,K03297
trimethoprim-sulfamethoxazole_K03327,3,Strong,trimethoprim-sulfamethoxazole,K03327
trimethoprim-sulfamethoxazole_K03446,2,Moderate,trimethoprim-sulfamethoxazole,K03446
trimethoprim-sulfamethoxazole_K03543,3,Strong,trimethoprim-sulfamethoxazole,K03543
trimethoprim-sulfamethoxazole_K03585,3,Strong,trimethoprim-sulfamethoxazole,K03585
trimethoprim-sulfamethoxazole_K03587,3,Strong,trimethoprim-sulfamethoxazole,K03587
trimethoprim-sulfamethoxazole_K03712,3,Strong,trimethoprim-sulfamethoxazole,K03712
trimethoprim-sulfamethoxazole_K07552,3,Strong,trimethoprim-sulfamethoxazole,K07552
trimethoprim-sulfamethoxazole_K07637,2,Moderate,trimethoprim-sulfamethoxazole,K07637
trimethoprim-sulfamethoxazole_K07788,2,Moderate,trimethoprim-sulfamethoxazole,K07788
trimethoprim-sulfamethoxazole_K07789,3,Strong,trimethoprim-sulfamethoxazole,K07789
trimethoprim-sulfamethoxazole_K07799,3,Strong,trimethoprim-sulfamethoxazole,K07799
trimethoprim-sulfamethoxazole_K08161,2,Moderate,trimethoprim-sulfamethoxazole,K08161
trimethoprim-sulfamethoxazole_K08162,3,Strong,trimethoprim-sulfamethoxazole,K08162
trimethoprim-sulfamethoxazole_K08167,3,Strong,trimethoprim-sulfamethoxazole,K08167
trimethoprim-sulfamethoxazole_K08217,-1,Evidence,trimethoprim-sulfamethoxazole,K08217
trimethoprim-sulfamethoxazole_K12340,3,Strong,trimethoprim-sulfamethoxazole,K12340
trimethoprim-sulfamethoxazole_K15547,2,Moderate,trimethoprim-sulfamethoxazole,K15547
trimethoprim-sulfamethoxazole_K15550,3,Strong,trimethoprim-sulfamethoxazole,K15550
trimethoprim-sulfamethoxazole_K18095,2,Moderate,trimethoprim-sulfamethoxazole,K18095
trimethoprim-sulfamethoxazole_K18130,3,Strong,trimethoprim-sulfamethoxazole,K18130
trimethoprim-sulfamethoxazole_K18131,3,Strong,trimethoprim-sulfamethoxazole,K18131
trimethoprim-sulfamethoxazole_K18139,3,Strong,trimethoprim-sulfamethoxazole,K18139
trimethoprim-sulfamethoxazole_K18141,3,Strong,trimethoprim-sulfamethoxazole,K18141
trimethoprim-sulfamethoxazole_K18142,2,Moderate,trimethoprim-sulfamethoxazole,K18142
trimethoprim-sulfamethoxazole_K18147,3,Strong,trimethoprim-sulfamethoxazole,K18147
trimethoprim-sulfamethoxazole_K18295,3,Strong,trimethoprim-sulfamethoxazole,K18295
trimethoprim-sulfamethoxazole_K18298,2,Moderate,trimethoprim-sulfamethoxazole,K18298
trimethoprim-sulfamethoxazole_K18300,3,Strong,trimethoprim-sulfamethoxazole,K18300
trimethoprim-sulfamethoxazole_K18301,2,Moderate,trimethoprim-sulfamethoxazole,K18301
trimethoprim-sulfamethoxazole_K18302,1,Weak,trimethoprim-sulfamethoxazole,K18302
trimethoprim-sulfamethoxazole_K18305,2,Moderate,trimethoprim-sulfamethoxazole,K18305
trimethoprim-sulfamethoxazole_K18307,2,Moderate,trimethoprim-sulfamethoxazole,K18307
trimethoprim-sulfamethoxazole_K18589,3,Strong,trimethoprim-sulfamethoxazole,K18589
trimethoprim-sulfamethoxazole_K18590,3,Strong,trimethoprim-sulfamethoxazole,K18590
trimethoprim-sulfamethoxazole_K18591,3,Strong,trimethoprim-sulfamethoxazole,K18591
trimethoprim-sulfamethoxazole_K18698,3,Strong,trimethoprim-sulfamethoxazole,K18698
trimethoprim-sulfamethoxazole_K18767,2,Moderate,trimethoprim-sulfamethoxazole,K18767
trimethoprim-sulfamethoxazole_K18768,3,Strong,trimethoprim-sulfamethoxazole,K18768
trimethoprim-sulfamethoxazole_K18781,3,Strong,trimethoprim-sulfamethoxazole,K18781
trimethoprim-sulfamethoxazole_K18782,-1,Evidence,trimethoprim-sulfamethoxazole,K18782
trimethoprim-sulfamethoxazole_K18824,3,Strong,trimethoprim-sulfamethoxazole,K18824
trimethoprim-sulfamethoxazole_K18825,3,Strong,trimethoprim-sulfamethoxazole,K18825
trimethoprim-sulfamethoxazole_K18845,3,Strong,trimethoprim-sulfamethoxazole,K18845
trimethoprim-sulfamethoxazole_K18892,2,Moderate,trimethoprim-sulfamethoxazole,K18892
trimethoprim-sulfamethoxazole_K18901,2,Moderate,trimethoprim-sulfamethoxazole,K18901
trimethoprim-sulfamethoxazole_K18902,2,Moderate,trimethoprim-sulfamethoxazole,K18902
trimethoprim-sulfamethoxazole_K18903,3,Strong,trimethoprim-sulfamethoxazole,K18903
trimethoprim-sulfamethoxazole_K18908,3,Strong,trimethoprim-sulfamethoxazole,K18908
trimethoprim-sulfamethoxazole_K18934,2,Moderate,trimethoprim-sulfamethoxazole,K18934
trimethoprim-sulfamethoxazole_K18935,3,Strong,trimethoprim-sulfamethoxazole,K18935
trimethoprim-sulfamethoxazole_K18974,3,Strong,trimethoprim-sulfamethoxazole,K18974
trimethoprim-sulfamethoxazole_K18975,3,Strong,trimethoprim-sulfamethoxazole,K18975
trimethoprim-sulfamethoxazole_K18976,3,Strong,trimethoprim-sulfamethoxazole,K18976
trimethoprim-sulfamethoxazole_K19275,-1,Evidence,trimethoprim-sulfamethoxazole,K19275
trimethoprim-sulfamethoxazole_K19301,-1,Evidence,trimethoprim-sulfamethoxazole,K19301
trimethoprim-sulfamethoxazole_K19593,3,Strong,trimethoprim-sulfamethoxazole,K19593
trimethoprim-sulfamethoxazole_K19643,3,Strong,trimethoprim-sulfamethoxazole,K19643
trimethoprim-sulfamethoxazole_K19644,3,Strong,trimethoprim-sulfamethoxazole,K19644
trimethoprim-sulfamethoxazole_K19645,3,Strong,trimethoprim-sulfamethoxazole,K19645
trimethoprim-sulfamethoxazole_K21134,3,Strong,trimethoprim-sulfamethoxazole,K21134
trimethoprim-sulfamethoxazole_K21135,2,Moderate,trimethoprim-sulfamethoxazole,K21135
trimethoprim-sulfamethoxazole_K21136,2,Moderate,trimethoprim-sulfamethoxazole,K21136
amoxicillin_K18142,3,Strong,amoxicillin,K18142
amoxicillin-clavulanic acid_K19272,1,Weak,amoxicillin-clavulanic acid,K19272
ampicillin-sulbactam_K18294,2,Moderate,ampicillin-sulbactam,K18294
aztreonam_K18307,1,Weak,aztreonam,K18307
cefazolin_K07799,2,Moderate,cefazolin,K07799
cefotaxime_K19593,1,Weak,cefotaxime,K19593
ceftiofur_K18975,1,Weak,ceftiofur,K18975
ceftriaxone_K18145,1,Weak,ceftriaxone,K18145
chloramphenicol_K19643,-1,Evidence,chloramphenicol,K19643
ciprofloxacin_K03297,3,Strong,ciprofloxacin,K03297
clindamycin_K08217,3,Strong,clindamycin,K08217
clindamycin_K18824,3,Strong,clindamycin,K18824
doripenem_K00790,1,Weak,doripenem,K00790
erythromycin_K18302,1,Weak,erythromycin,K18302
gentamicin_K03446,2,Moderate,gentamicin,K03446
kanamycin_K08168,3,Strong,kanamycin,K08168
kanamycin_K18976,-1,Evidence,kanamycin,K18976
meropenem_K03327,3,Strong,meropenem,K03327
meropenem_K18306,3,Strong,meropenem,K18306
piperacillin-tazobactam_K18975,-1,Evidence,piperacillin-tazobactam,K18975
piperacillin-tazobactam_K21133,1,Weak,piperacillin-tazobactam,K21133
tobramycin_K08170,1,Weak,tobramycin,K08170
trimethoprim-sulfamethoxazole_K03043,3,Strong,trimethoprim-sulfamethoxazole,K03043
cefazolin_K07552,2,Moderate,cefazolin,K07552
doripenem_K00287,0,No,doripenem,K00287
gentamicin_K18553,0,No,gentamicin,K18553
kanamycin_K00687,0,No,kanamycin,K00687
